{
	"credit": "Made with Blockbench",
	"texture_size": [32, 32],
	"textures": {
		"0": "item/custom/nicholasstaff/nicholasstaff",
		"particle": "item/custom/nicholasstaff/nicholasstaff"
	},
	"elements": [
		{
			"from": [7.3, 0, 7.5],
			"to": [8.9, 21.2, 8.3],
			"rotation": {"angle": 0, "axis": "y", "origin": [7.7, 0, 7.5]},
			"faces": {
				"north": {"uv": [0, 0, 0.79233, 10.60703], "texture": "#0"},
				"east": {"uv": [4, 0, 4.40895, 10.60703], "texture": "#0"},
				"south": {"uv": [1, 0, 1.79233, 10.60703], "texture": "#0"},
				"west": {"uv": [4.5, 0, 4.90895, 10.60703], "texture": "#0"},
				"up": {"uv": [8.79233, 11.40895, 8, 11], "texture": "#0"},
				"down": {"uv": [11.79233, 8, 11, 8.40895], "texture": "#0"}
			}
		},
		{
			"from": [7.7, 0, 7.1],
			"to": [8.5, 21.2, 8.7],
			"rotation": {"angle": 0, "axis": "y", "origin": [8.5, 0, 7.5]},
			"faces": {
				"north": {"uv": [5, 0, 5.40895, 10.60703], "texture": "#0"},
				"east": {"uv": [2, 0, 2.79233, 10.60703], "texture": "#0"},
				"south": {"uv": [5.5, 0, 5.90895, 10.60703], "texture": "#0"},
				"west": {"uv": [3, 0, 3.79233, 10.60703], "texture": "#0"},
				"up": {"uv": [11.40895, 9.29233, 11, 8.5], "texture": "#0"},
				"down": {"uv": [9.40895, 11, 9, 11.79233], "texture": "#0"}
			}
		},
		{
			"from": [7.1, 21.2, 6.9],
			"to": [9.1, 22, 8.9],
			"rotation": {"angle": 0, "axis": "y", "origin": [7.3, 21.2, 7.1]},
			"faces": {
				"north": {"uv": [10, 8, 10.99681, 8.40895], "texture": "#0"},
				"east": {"uv": [10, 8.5, 10.99681, 8.90895], "texture": "#0"},
				"south": {"uv": [9, 10, 9.99681, 10.40895], "texture": "#0"},
				"west": {"uv": [10, 9, 10.99681, 9.40895], "texture": "#0"},
				"up": {"uv": [6.99681, 3.99681, 6, 3], "texture": "#0"},
				"down": {"uv": [6.99681, 4, 6, 4.99681], "texture": "#0"}
			}
		},
		{
			"from": [7.1, 22.8, 6.9],
			"to": [9.1, 23.6, 8.9],
			"rotation": {"angle": 0, "axis": "y", "origin": [7.3, 22.8, 7.1]},
			"faces": {
				"north": {"uv": [10, 9.5, 10.99681, 9.90895], "texture": "#0"},
				"east": {"uv": [10, 10, 10.99681, 10.40895], "texture": "#0"},
				"south": {"uv": [10.5, 0, 11.49681, 0.40895], "texture": "#0"},
				"west": {"uv": [10.5, 0.5, 11.49681, 0.90895], "texture": "#0"},
				"up": {"uv": [6.99681, 5.99681, 6, 5], "texture": "#0"},
				"down": {"uv": [6.99681, 6, 6, 6.99681], "texture": "#0"}
			}
		},
		{
			"from": [7.5, 30.6, 7.1],
			"to": [8.7, 31.48, 8.7],
			"rotation": {"angle": 0, "axis": "y", "origin": [7.3, 30.6, 7.1]},
			"faces": {
				"north": {"uv": [12, 0, 12.58786, 0.4345], "texture": "#0"},
				"east": {"uv": [7, 11, 7.79233, 11.4345], "texture": "#0"},
				"south": {"uv": [12, 0.5, 12.58786, 0.9345], "texture": "#0"},
				"west": {"uv": [11, 7.5, 11.79233, 7.9345], "texture": "#0"},
				"up": {"uv": [7.58786, 10.79233, 7, 10], "texture": "#0"},
				"down": {"uv": [8.58786, 10, 8, 10.79233], "texture": "#0"}
			}
		},
		{
			"from": [7.1, 23, 7.1],
			"to": [7.9, 25, 8.7],
			"rotation": {"angle": 22.5, "axis": "z", "origin": [7.1, 24.8, 7.1]},
			"faces": {
				"north": {"uv": [10.5, 1, 10.90895, 1.99681], "texture": "#0"},
				"east": {"uv": [7.5, 0, 8.29233, 0.99681], "texture": "#0"},
				"south": {"uv": [10.5, 2, 10.90895, 2.99681], "texture": "#0"},
				"west": {"uv": [7.5, 1, 8.29233, 1.99681], "texture": "#0"},
				"up": {"uv": [9.90895, 11.79233, 9.5, 11], "texture": "#0"},
				"down": {"uv": [11.40895, 9.5, 11, 10.29233], "texture": "#0"}
			}
		},
		{
			"from": [5.62, 25.2, 7.1],
			"to": [7.62, 26, 8.7],
			"rotation": {"angle": -22.5, "axis": "z", "origin": [5.82, 25.2, 7.1]},
			"faces": {
				"north": {"uv": [9, 10.5, 9.99681, 10.90895], "texture": "#0"},
				"east": {"uv": [10, 11, 10.79233, 11.40895], "texture": "#0"},
				"south": {"uv": [10, 10.5, 10.99681, 10.90895], "texture": "#0"},
				"west": {"uv": [11, 10.5, 11.79233, 10.90895], "texture": "#0"},
				"up": {"uv": [8.49681, 2.79233, 7.5, 2], "texture": "#0"},
				"down": {"uv": [8.49681, 7, 7.5, 7.79233], "texture": "#0"}
			}
		},
		{
			"from": [4.94, 25.12, 7.1],
			"to": [5.74, 27.12, 8.7],
			"rotation": {"angle": 22.5, "axis": "z", "origin": [4.94, 26.92, 7.1]},
			"faces": {
				"north": {"uv": [0, 11, 0.40895, 11.99681], "texture": "#0"},
				"east": {"uv": [8, 3, 8.79233, 3.99681], "texture": "#0"},
				"south": {"uv": [0.5, 11, 0.90895, 11.99681], "texture": "#0"},
				"west": {"uv": [8, 4, 8.79233, 4.99681], "texture": "#0"},
				"up": {"uv": [11.40895, 11.79233, 11, 11], "texture": "#0"},
				"down": {"uv": [11.90895, 0, 11.5, 0.79233], "texture": "#0"}
			}
		},
		{
			"from": [10.46, 26.32, 7.1],
			"to": [11.26, 28.32, 8.7],
			"rotation": {"angle": -22.5, "axis": "z", "origin": [11.26, 28.12, 7.1]},
			"faces": {
				"north": {"uv": [1, 11, 1.40895, 11.99681], "texture": "#0"},
				"east": {"uv": [8, 5, 8.79233, 5.99681], "texture": "#0"},
				"south": {"uv": [11, 1, 11.40895, 1.99681], "texture": "#0"},
				"west": {"uv": [6, 8, 6.79233, 8.99681], "texture": "#0"},
				"up": {"uv": [11.90895, 1.79233, 11.5, 1], "texture": "#0"},
				"down": {"uv": [1.90895, 11.5, 1.5, 12.29233], "texture": "#0"}
			}
		},
		{
			"from": [8.58, 26.4, 7.1],
			"to": [10.58, 27.2, 8.7],
			"rotation": {"angle": 22.5, "axis": "z", "origin": [10.38, 26.4, 7.1]},
			"faces": {
				"north": {"uv": [1.5, 11, 2.49681, 11.40895], "texture": "#0"},
				"east": {"uv": [11.5, 2.5, 12.29233, 2.90895], "texture": "#0"},
				"south": {"uv": [11, 2, 11.99681, 2.40895], "texture": "#0"},
				"west": {"uv": [3, 11.5, 3.79233, 11.90895], "texture": "#0"},
				"up": {"uv": [7.99681, 8.79233, 7, 8], "texture": "#0"},
				"down": {"uv": [8.99681, 8, 8, 8.79233], "texture": "#0"}
			}
		},
		{
			"from": [7.38, 25.8, 7.1],
			"to": [8.78, 26.6, 8.7],
			"rotation": {"angle": -45, "axis": "z", "origin": [8.58, 25.8, 7.1]},
			"faces": {
				"north": {"uv": [11.5, 10, 12.1901, 10.40895], "texture": "#0"},
				"east": {"uv": [11.5, 3, 12.29233, 3.40895], "texture": "#0"},
				"south": {"uv": [0, 12, 0.6901, 12.40895], "texture": "#0"},
				"west": {"uv": [11.5, 4, 12.29233, 4.40895], "texture": "#0"},
				"up": {"uv": [10.6901, 3.79233, 10, 3], "texture": "#0"},
				"down": {"uv": [10.6901, 4, 10, 4.79233], "texture": "#0"}
			}
		},
		{
			"from": [7.72, 26.68, 7.02],
			"to": [8.52, 29.08, 8.62],
			"rotation": {"angle": 0, "axis": "y", "origin": [8.12, 27.68, 7.02]},
			"faces": {
				"north": {"uv": [6, 10, 6.40895, 11.20128], "texture": "#0"},
				"east": {"uv": [7, 3, 7.79233, 4.20128], "texture": "#0"},
				"south": {"uv": [6.5, 10, 6.90895, 11.20128], "texture": "#0"},
				"west": {"uv": [7, 4.5, 7.79233, 5.70128], "texture": "#0"},
				"up": {"uv": [2.40895, 12.29233, 2, 11.5], "texture": "#0"},
				"down": {"uv": [4.90895, 11.5, 4.5, 12.29233], "texture": "#0"}
			}
		},
		{
			"from": [7.32, 27.08, 7.02],
			"to": [8.92, 28.68, 8.62],
			"rotation": {"angle": 0, "axis": "y", "origin": [8.12, 27.88, 7.02]},
			"faces": {
				"north": {"uv": [8, 9, 8.79233, 9.79233], "texture": "#0"},
				"east": {"uv": [9, 8, 9.79233, 8.79233], "texture": "#0"},
				"south": {"uv": [9, 9, 9.79233, 9.79233], "texture": "#0"},
				"west": {"uv": [9.5, 0, 10.29233, 0.79233], "texture": "#0"},
				"up": {"uv": [10.29233, 1.79233, 9.5, 1], "texture": "#0"},
				"down": {"uv": [10.29233, 2, 9.5, 2.79233], "texture": "#0"}
			}
		},
		{
			"from": [6.92, 27.48, 7.02],
			"to": [9.32, 28.28, 8.62],
			"rotation": {"angle": 0, "axis": "y", "origin": [8.12, 27.88, 7.02]},
			"faces": {
				"north": {"uv": [10, 5, 11.20128, 5.40895], "texture": "#0"},
				"east": {"uv": [11.5, 4.5, 12.29233, 4.90895], "texture": "#0"},
				"south": {"uv": [10, 5.5, 11.20128, 5.90895], "texture": "#0"},
				"west": {"uv": [11.5, 5, 12.29233, 5.40895], "texture": "#0"},
				"up": {"uv": [7.20128, 7.79233, 6, 7], "texture": "#0"},
				"down": {"uv": [8.20128, 6, 7, 6.79233], "texture": "#0"}
			}
		},
		{
			"from": [4.94, 28.88, 7.1],
			"to": [5.74, 30.88, 8.7],
			"rotation": {"angle": -22.5, "axis": "z", "origin": [4.94, 29.08, 7.1]},
			"faces": {
				"north": {"uv": [2.5, 11, 2.90895, 11.99681], "texture": "#0"},
				"east": {"uv": [8.5, 0, 9.29233, 0.99681], "texture": "#0"},
				"south": {"uv": [11, 2.5, 11.40895, 3.49681], "texture": "#0"},
				"west": {"uv": [8.5, 1, 9.29233, 1.99681], "texture": "#0"},
				"up": {"uv": [5.40895, 12.29233, 5, 11.5], "texture": "#0"},
				"down": {"uv": [6.40895, 11.5, 6, 12.29233], "texture": "#0"}
			}
		},
		{
			"from": [5.62, 30, 7.1],
			"to": [7.62, 30.8, 8.7],
			"rotation": {"angle": 22.5, "axis": "z", "origin": [5.82, 30.8, 7.1]},
			"faces": {
				"north": {"uv": [3, 11, 3.99681, 11.40895], "texture": "#0"},
				"east": {"uv": [11.5, 5.5, 12.29233, 5.90895], "texture": "#0"},
				"south": {"uv": [11, 3.5, 11.99681, 3.90895], "texture": "#0"},
				"west": {"uv": [6.5, 11.5, 7.29233, 11.90895], "texture": "#0"},
				"up": {"uv": [9.49681, 2.79233, 8.5, 2], "texture": "#0"},
				"down": {"uv": [9.49681, 6, 8.5, 6.79233], "texture": "#0"}
			}
		},
		{
			"from": [10.46, 28.88, 7.1],
			"to": [11.26, 30.88, 8.7],
			"rotation": {"angle": 22.5, "axis": "z", "origin": [11.26, 29.08, 7.1]},
			"faces": {
				"north": {"uv": [4, 11, 4.40895, 11.99681], "texture": "#0"},
				"east": {"uv": [8.5, 7, 9.29233, 7.99681], "texture": "#0"},
				"south": {"uv": [11, 4, 11.40895, 4.99681], "texture": "#0"},
				"west": {"uv": [9, 3, 9.79233, 3.99681], "texture": "#0"},
				"up": {"uv": [11.90895, 7.29233, 11.5, 6.5], "texture": "#0"},
				"down": {"uv": [7.90895, 11.5, 7.5, 12.29233], "texture": "#0"}
			}
		},
		{
			"from": [8.58, 30, 7.1],
			"to": [10.58, 30.8, 8.7],
			"rotation": {"angle": -22.5, "axis": "z", "origin": [10.38, 30.8, 7.1]},
			"faces": {
				"north": {"uv": [4.5, 11, 5.49681, 11.40895], "texture": "#0"},
				"east": {"uv": [8, 11.5, 8.79233, 11.90895], "texture": "#0"},
				"south": {"uv": [11, 6, 11.99681, 6.40895], "texture": "#0"},
				"west": {"uv": [11.5, 8.5, 12.29233, 8.90895], "texture": "#0"},
				"up": {"uv": [9.99681, 4.79233, 9, 4], "texture": "#0"},
				"down": {"uv": [9.99681, 5, 9, 5.79233], "texture": "#0"}
			}
		},
		{
			"from": [4.86, 27.08, 7.1],
			"to": [5.66, 28.88, 8.7],
			"rotation": {"angle": 0, "axis": "y", "origin": [4.86, 28.88, 7.1]},
			"faces": {
				"north": {"uv": [5.5, 11, 5.90895, 11.89457], "texture": "#0"},
				"east": {"uv": [6, 9, 6.79233, 9.89457], "texture": "#0"},
				"south": {"uv": [11, 6.5, 11.40895, 7.39457], "texture": "#0"},
				"west": {"uv": [7, 9, 7.79233, 9.89457], "texture": "#0"},
				"up": {"uv": [11.90895, 9.79233, 11.5, 9], "texture": "#0"},
				"down": {"uv": [10.40895, 11.5, 10, 12.29233], "texture": "#0"}
			}
		},
		{
			"from": [10.54, 28.28, 7.1],
			"to": [11.34, 28.88, 8.7],
			"rotation": {"angle": 0, "axis": "y", "origin": [10.54, 28.88, 7.1]},
			"faces": {
				"north": {"uv": [1, 12, 1.40895, 12.30671], "texture": "#0"},
				"east": {"uv": [12, 1, 12.79233, 1.30671], "texture": "#0"},
				"south": {"uv": [12, 2, 12.40895, 2.30671], "texture": "#0"},
				"west": {"uv": [12, 1.5, 12.79233, 1.80671], "texture": "#0"},
				"up": {"uv": [10.90895, 12.29233, 10.5, 11.5], "texture": "#0"},
				"down": {"uv": [11.90895, 11, 11.5, 11.79233], "texture": "#0"}
			}
		},
		{
			"from": [6.7, 22, 6.5],
			"to": [9.5, 22.8, 9.3],
			"rotation": {"angle": 0, "axis": "y", "origin": [7.3, 22, 7.1]},
			"faces": {
				"north": {"uv": [9.5, 6, 10.90575, 6.40895], "texture": "#0"},
				"east": {"uv": [9.5, 6.5, 10.90575, 6.90895], "texture": "#0"},
				"south": {"uv": [9.5, 7, 10.90575, 7.40895], "texture": "#0"},
				"west": {"uv": [9.5, 7.5, 10.90575, 7.90895], "texture": "#0"},
				"up": {"uv": [7.40575, 1.40575, 6, 0], "texture": "#0"},
				"down": {"uv": [7.40575, 1.5, 6, 2.90575], "texture": "#0"}
			}
		}
	],
	"display": {
		"thirdperson_righthand": {
			"rotation": [62, 0, 0],
			"translation": [0, -3, -3.25]
		},
		"thirdperson_lefthand": {
			"rotation": [62, 0, 0],
			"translation": [0, -3, -3.25]
		},
		"firstperson_righthand": {
			"rotation": [0, -44, 0],
			"translation": [0, -9.5, 0]
		},
		"firstperson_lefthand": {
			"rotation": [0, -55, 0],
			"translation": [0, -9.5, 0]
		},
		"ground": {
			"translation": [0, 5, 0]
		},
		"gui": {
			"rotation": [0, 0, -45],
			"translation": [-3.75, -3.5, 0],
			"scale": [0.6, 0.6, 0.6]
		},
		"head": {
			"translation": [0, 8.5, 0]
		},
		"fixed": {
			"rotation": [0, 0, 45],
			"translation": [4, -4, 0],
			"scale": [0.7, 0.7, 0.7]
		}
	},
	"groups": [
		{
			"name": "Main",
			"origin": [8.5, 0, 7.5],
			"color": 0,
			"children": [
				{
					"name": "Staff",
					"origin": [8.5, 0, 7.5],
					"color": 0,
					"children": [0, 1]
				},
				{
					"name": "Head",
					"origin": [8.5, 0, 7.5],
					"color": 0,
					"children": [2, 3, 4, 5, 6, 7, 8, 9, 10, 11, 12, 13, 14, 15, 16, 17, 18, 19, 20]
				}
			]
		}
	]
}