{
	"credit": "Made with Blockbench",
	"texture_size": [32, 32],
	"textures": {
		"0": "item/custom/santahat/santahat",
		"particle": "item/custom/santahat/santahat"
	},
	"elements": [
		{
			"from": [4, 0, 4],
			"to": [12, 2, 12],
			"rotation": {"angle": 0, "axis": "y", "origin": [7, 0, 7]},
			"faces": {
				"north": {"uv": [7, 6, 11, 7], "texture": "#0"},
				"east": {"uv": [7, 7, 11, 8], "texture": "#0"},
				"south": {"uv": [0, 8, 4, 9], "texture": "#0"},
				"west": {"uv": [4, 8, 8, 9], "texture": "#0"},
				"up": {"uv": [4, 4, 0, 0], "texture": "#0"},
				"down": {"uv": [4, 4, 0, 8], "texture": "#0"}
			}
		},
		{
			"from": [5, 2, 5],
			"to": [11, 6, 11],
			"rotation": {"angle": 0, "axis": "y", "origin": [7, 2, 7]},
			"faces": {
				"north": {"uv": [4, 6, 7, 8], "texture": "#0"},
				"east": {"uv": [7, 0, 10, 2], "texture": "#0"},
				"south": {"uv": [7, 2, 10, 4], "texture": "#0"},
				"west": {"uv": [7, 4, 10, 6], "texture": "#0"},
				"up": {"uv": [7, 3, 4, 0], "texture": "#0"},
				"down": {"uv": [7, 3, 4, 6], "texture": "#0"}
			}
		},
		{
			"from": [6, 5, 5.5],
			"to": [10, 9, 9.5],
			"rotation": {"angle": 22.5, "axis": "x", "origin": [7, 5, 6.5]},
			"faces": {
				"north": {"uv": [8, 8, 10, 10], "texture": "#0"},
				"east": {"uv": [0, 9, 2, 11], "texture": "#0"},
				"south": {"uv": [2, 9, 4, 11], "texture": "#0"},
				"west": {"uv": [4, 9, 6, 11], "texture": "#0"},
				"up": {"uv": [8, 11, 6, 9], "texture": "#0"},
				"down": {"uv": [12, 0, 10, 2], "texture": "#0"}
			}
		},
		{
			"from": [7.5, 9.25, 10],
			"to": [8.5, 10.25, 13],
			"rotation": {"angle": -22.5, "axis": "x", "origin": [7, 11.25, 9]},
			"faces": {
				"north": {"uv": [6, 11, 6.5, 11.5], "texture": "#0"},
				"east": {"uv": [4, 11, 5.5, 11.5], "texture": "#0"},
				"south": {"uv": [11, 6, 11.5, 6.5], "texture": "#0"},
				"west": {"uv": [11, 4, 12.5, 4.5], "texture": "#0"},
				"up": {"uv": [11.5, 6, 11, 4.5], "texture": "#0"},
				"down": {"uv": [6, 11, 5.5, 12.5], "texture": "#0"}
			}
		},
		{
			"from": [7, 8.75, 7],
			"to": [9, 12.75, 9],
			"rotation": {"angle": 45, "axis": "x", "origin": [7, 7.75, 7]},
			"faces": {
				"north": {"uv": [10, 2, 11, 4], "texture": "#0"},
				"east": {"uv": [10, 4, 11, 6], "texture": "#0"},
				"south": {"uv": [8, 10, 9, 12], "texture": "#0"},
				"west": {"uv": [10, 8, 11, 10], "texture": "#0"},
				"up": {"uv": [10, 11, 9, 10], "texture": "#0"},
				"down": {"uv": [11, 10, 10, 11], "texture": "#0"}
			}
		},
		{
			"from": [7, 10.30546, 12.26256],
			"to": [9, 12.30546, 14.26256],
			"rotation": {"angle": 22.5, "axis": "x", "origin": [7, 11.25, 13.5]},
			"faces": {
				"north": {"uv": [0, 11, 1, 12], "texture": "#0"},
				"east": {"uv": [1, 11, 2, 12], "texture": "#0"},
				"south": {"uv": [2, 11, 3, 12], "texture": "#0"},
				"west": {"uv": [11, 2, 12, 3], "texture": "#0"},
				"up": {"uv": [4, 12, 3, 11], "texture": "#0"},
				"down": {"uv": [12, 3, 11, 4], "texture": "#0"}
			}
		}
	],
	"display": {}
}