{
	"credit": "Made with Blockbench",
	"parent": "santa_clause",
	"texture_size": [64, 64],
	"textures": {
		"1": "item/custom/santaclause/chest-top",
		"3": "item/custom/santaclause/belt",
		"4": "item/custom/santaclause/chest-bottom",
		"5": "item/custom/santaclause/legs",
		"6": "item/custom/santaclause/head",
		"7": "item/custom/santaclause/arms",
		"particle": "item/custom/santaclause/head"
	},
	"elements": [
		{
			"from": [9.944, 1.616, 4.76],
			"to": [12.536, 2.264, 9.296],
			"rotation": {"angle": 0, "axis": "y", "origin": [11.24, 1.616, 7.352]},
			"faces": {
				"north": {"uv": [2.25, 6.75, 3, 7], "texture": "#5"},
				"east": {"uv": [6.5, 5.25, 7.875, 5.5], "texture": "#5"},
				"south": {"uv": [0, 7.5, 0.75, 7.75], "texture": "#5"},
				"west": {"uv": [6.5, 5.5, 7.875, 5.75], "texture": "#5"},
				"up": {"uv": [0.75, 4.875, 0, 3.5], "texture": "#5"},
				"down": {"uv": [4.25, 0, 3.5, 1.375], "texture": "#5"}
			}
		},
		{
			"from": [9.944, 2.912, 6.704],
			"to": [12.536, 4.208, 9.296],
			"rotation": {"angle": 0, "axis": "y", "origin": [11.24, 2.912, 7.352]},
			"faces": {
				"north": {"uv": [3.75, 6.75, 4.5, 7.125], "texture": "#5"},
				"east": {"uv": [6.75, 7, 7.5, 7.375], "texture": "#5"},
				"south": {"uv": [2.25, 7.25, 3, 7.625], "texture": "#5"},
				"west": {"uv": [7.25, 2.25, 8, 2.625], "texture": "#5"},
				"up": {"uv": [6.5, 3.5, 5.75, 2.75], "texture": "#5"},
				"down": {"uv": [6.5, 3.5, 5.75, 4.25], "texture": "#5"}
			}
		},
		{
			"from": [9.944, 4.856, 6.704],
			"to": [12.536, 6.8, 9.296],
			"rotation": {"angle": 0, "axis": "y", "origin": [11.24, 4.856, 7.352]},
			"faces": {
				"north": {"uv": [2.25, 6, 3, 6.625], "texture": "#5"},
				"east": {"uv": [6, 5.75, 6.75, 6.375], "texture": "#5"},
				"south": {"uv": [3, 6.25, 3.75, 6.875], "texture": "#5"},
				"west": {"uv": [6.5, 2.25, 7.25, 2.875], "texture": "#5"},
				"up": {"uv": [6.5, 5, 5.75, 4.25], "texture": "#5"},
				"down": {"uv": [5.25, 5.75, 4.5, 6.5], "texture": "#5"}
			}
		},
		{
			"from": [10.106, 6.476, 6.542],
			"to": [12.374, 8.42, 9.134],
			"rotation": {"angle": 0, "axis": "y", "origin": [11.078, 6.476, 7.19]},
			"faces": {
				"north": {"uv": [6.5, 3, 7.25, 3.625], "texture": "#5"},
				"east": {"uv": [6.5, 3.75, 7.25, 4.375], "texture": "#5"},
				"south": {"uv": [4.5, 6.5, 5.25, 7.125], "texture": "#5"},
				"west": {"uv": [6.5, 4.5, 7.25, 5.125], "texture": "#5"},
				"up": {"uv": [6.5, 5.75, 5.75, 5], "texture": "#5"},
				"down": {"uv": [6, 5.75, 5.25, 6.5], "texture": "#5"}
			}
		},
		{
			"from": [8.324, 8.42, 5.246],
			"to": [13.508, 10.364, 10.43],
			"rotation": {"angle": 0, "axis": "y", "origin": [10.916, 8.42, 7.19]},
			"faces": {
				"north": {"uv": [3.5, 1.5, 5.125, 2.125], "texture": "#5"},
				"east": {"uv": [2.25, 3.5, 3.875, 4.125], "texture": "#5"},
				"south": {"uv": [3.5, 2.25, 5.125, 2.875], "texture": "#5"},
				"west": {"uv": [4, 3, 5.625, 3.625], "texture": "#5"},
				"up": {"uv": [1.625, 1.625, 0, 0], "texture": "#5"},
				"down": {"uv": [1.625, 1.75, 0, 3.375], "texture": "#5"}
			}
		},
		{
			"from": [9.62, 4.208, 6.38],
			"to": [12.86, 4.856, 9.62],
			"rotation": {"angle": 0, "axis": "y", "origin": [11.24, 4.208, 7.352]},
			"faces": {
				"north": {"uv": [7.25, 3.75, 8.25, 4], "texture": "#5"},
				"east": {"uv": [7.25, 4, 8.25, 4.25], "texture": "#5"},
				"south": {"uv": [7.25, 4.25, 8.25, 4.5], "texture": "#5"},
				"west": {"uv": [4.5, 7.25, 5.5, 7.5], "texture": "#5"},
				"up": {"uv": [5, 5.5, 4, 4.5], "texture": "#5"},
				"down": {"uv": [1, 5, 0, 6], "texture": "#5"}
			}
		},
		{
			"from": [9.944, 2.264, 5.408],
			"to": [12.536, 2.912, 9.296],
			"rotation": {"angle": 0, "axis": "y", "origin": [11.24, 2.264, 7.352]},
			"faces": {
				"north": {"uv": [7.5, 0, 8.25, 0.25], "texture": "#5"},
				"east": {"uv": [6.75, 6.25, 8, 6.5], "texture": "#5"},
				"south": {"uv": [7.5, 0.25, 8.25, 0.5], "texture": "#5"},
				"west": {"uv": [6.75, 6.5, 8, 6.75], "texture": "#5"},
				"up": {"uv": [3.75, 6.25, 3, 5], "texture": "#5"},
				"down": {"uv": [5.75, 4.5, 5, 5.75], "texture": "#5"}
			}
		},
		{
			"from": [3.464, 1.616, 4.76],
			"to": [6.056, 2.264, 9.296],
			"rotation": {"angle": 0, "axis": "y", "origin": [4.76, 1.616, 7.352]},
			"faces": {
				"north": {"uv": [7.5, 0.5, 8.25, 0.75], "texture": "#5"},
				"east": {"uv": [6.75, 5.75, 8.125, 6], "texture": "#5"},
				"south": {"uv": [0.75, 7.5, 1.5, 7.75], "texture": "#5"},
				"west": {"uv": [6.75, 6, 8.125, 6.25], "texture": "#5"},
				"up": {"uv": [1.5, 4.875, 0.75, 3.5], "texture": "#5"},
				"down": {"uv": [2.25, 3.5, 1.5, 4.875], "texture": "#5"}
			}
		},
		{
			"from": [3.464, 2.912, 6.704],
			"to": [6.056, 4.208, 9.296],
			"rotation": {"angle": 0, "axis": "y", "origin": [4.76, 2.912, 7.352]},
			"faces": {
				"north": {"uv": [7.25, 2.75, 8, 3.125], "texture": "#5"},
				"east": {"uv": [3, 7.25, 3.75, 7.625], "texture": "#5"},
				"south": {"uv": [7.25, 3.25, 8, 3.625], "texture": "#5"},
				"west": {"uv": [3.75, 7.25, 4.5, 7.625], "texture": "#5"},
				"up": {"uv": [0.75, 6.75, 0, 6], "texture": "#5"},
				"down": {"uv": [6.75, 0, 6, 0.75], "texture": "#5"}
			}
		},
		{
			"from": [3.464, 4.856, 6.704],
			"to": [6.056, 6.8, 9.296],
			"rotation": {"angle": 0, "axis": "y", "origin": [4.76, 4.856, 7.352]},
			"faces": {
				"north": {"uv": [5.25, 6.5, 6, 7.125], "texture": "#5"},
				"east": {"uv": [6, 6.5, 6.75, 7.125], "texture": "#5"},
				"south": {"uv": [0, 6.75, 0.75, 7.375], "texture": "#5"},
				"west": {"uv": [6.75, 0, 7.5, 0.625], "texture": "#5"},
				"up": {"uv": [1.5, 6.75, 0.75, 6], "texture": "#5"},
				"down": {"uv": [6.75, 0.75, 6, 1.5], "texture": "#5"}
			}
		},
		{
			"from": [3.626, 6.476, 6.542],
			"to": [5.894, 8.42, 9.134],
			"rotation": {"angle": 0, "axis": "y", "origin": [4.598, 6.476, 7.19]},
			"faces": {
				"north": {"uv": [0.75, 6.75, 1.5, 7.375], "texture": "#5"},
				"east": {"uv": [6.75, 0.75, 7.5, 1.375], "texture": "#5"},
				"south": {"uv": [1.5, 6.75, 2.25, 7.375], "texture": "#5"},
				"west": {"uv": [6.75, 1.5, 7.5, 2.125], "texture": "#5"},
				"up": {"uv": [2.25, 6.75, 1.5, 6], "texture": "#5"},
				"down": {"uv": [6.75, 1.5, 6, 2.25], "texture": "#5"}
			}
		},
		{
			"from": [2.492, 8.42, 5.246],
			"to": [7.676, 10.364, 10.43],
			"rotation": {"angle": 0, "axis": "y", "origin": [4.76, 8.42, 7.19]},
			"faces": {
				"north": {"uv": [4, 3.75, 5.625, 4.375], "texture": "#5"},
				"east": {"uv": [4.25, 0, 5.875, 0.625], "texture": "#5"},
				"south": {"uv": [4.25, 0.75, 5.875, 1.375], "texture": "#5"},
				"west": {"uv": [2.25, 4.25, 3.875, 4.875], "texture": "#5"},
				"up": {"uv": [3.375, 1.625, 1.75, 0], "texture": "#5"},
				"down": {"uv": [3.375, 1.75, 1.75, 3.375], "texture": "#5"}
			}
		},
		{
			"from": [3.14, 4.208, 6.38],
			"to": [6.38, 4.856, 9.62],
			"rotation": {"angle": 0, "axis": "y", "origin": [4.76, 4.208, 7.352]},
			"faces": {
				"north": {"uv": [7.25, 4.5, 8.25, 4.75], "texture": "#5"},
				"east": {"uv": [7.25, 4.75, 8.25, 5], "texture": "#5"},
				"south": {"uv": [7.25, 5, 8.25, 5.25], "texture": "#5"},
				"west": {"uv": [5.5, 7.25, 6.5, 7.5], "texture": "#5"},
				"up": {"uv": [2, 6, 1, 5], "texture": "#5"},
				"down": {"uv": [3, 5, 2, 6], "texture": "#5"}
			}
		},
		{
			"from": [3.464, 2.264, 5.408],
			"to": [6.056, 2.912, 9.296],
			"rotation": {"angle": 0, "axis": "y", "origin": [4.76, 2.264, 7.352]},
			"faces": {
				"north": {"uv": [7.5, 0.75, 8.25, 1], "texture": "#5"},
				"east": {"uv": [6.75, 6.75, 8, 7], "texture": "#5"},
				"south": {"uv": [7.5, 1, 8.25, 1.25], "texture": "#5"},
				"west": {"uv": [2.25, 7, 3.5, 7.25], "texture": "#5"},
				"up": {"uv": [6, 2.75, 5.25, 1.5], "texture": "#5"},
				"down": {"uv": [4.5, 5.5, 3.75, 6.75], "texture": "#5"}
			}
		},
		{
			"from": [7.19, 13.604, 5.408],
			"to": [8.81, 15.062, 5.732],
			"rotation": {"angle": 0, "axis": "y", "origin": [7.352, 13.604, 5.408]},
			"faces": {
				"north": {"uv": [6, 1.5, 6.5, 2], "texture": "#1"},
				"east": {"uv": [6.5, 4.25, 6.625, 4.75], "texture": "#1"},
				"south": {"uv": [6, 2, 6.5, 2.5], "texture": "#1"},
				"west": {"uv": [6.75, 0, 6.875, 0.5], "texture": "#1"},
				"up": {"uv": [7, 3.375, 6.5, 3.25], "texture": "#1"},
				"down": {"uv": [7.25, 0.5, 6.75, 0.625], "texture": "#1"}
			}
		},
		{
			"from": [7.19, 14.9, 5.732],
			"to": [8.81, 17.006, 6.056],
			"rotation": {"angle": 0, "axis": "y", "origin": [7.352, 14.9, 5.57]},
			"faces": {
				"north": {"uv": [6, 0, 6.5, 0.625], "texture": "#1"},
				"east": {"uv": [1.5, 6.5, 1.625, 7.125], "texture": "#1"},
				"south": {"uv": [6, 0.75, 6.5, 1.375], "texture": "#1"},
				"west": {"uv": [1.75, 6.5, 1.875, 7.125], "texture": "#1"},
				"up": {"uv": [7.25, 0.875, 6.75, 0.75], "texture": "#1"},
				"down": {"uv": [7.25, 1, 6.75, 1.125], "texture": "#1"}
			}
		},
		{
			"from": [7.19, 16.844, 6.056],
			"to": [8.81, 18.302, 6.218],
			"rotation": {"angle": 0, "axis": "y", "origin": [7.352, 16.844, 5.732]},
			"faces": {
				"north": {"uv": [6, 2.5, 6.5, 3], "texture": "#1"},
				"east": {"uv": [6.75, 1.25, 6.875, 1.75], "texture": "#1"},
				"south": {"uv": [3, 6, 3.5, 6.5], "texture": "#1"},
				"west": {"uv": [6.75, 1.75, 6.875, 2.25], "texture": "#1"},
				"up": {"uv": [2.5, 6.875, 2, 6.75], "texture": "#1"},
				"down": {"uv": [3, 6.75, 2.5, 6.875], "texture": "#1"}
			}
		},
		{
			"from": [11.24, 13.604, 5.894],
			"to": [12.86, 15.062, 6.056],
			"rotation": {"angle": 0, "axis": "y", "origin": [10.916, 13.604, 5.894]},
			"faces": {
				"north": {"uv": [6, 3, 6.5, 3.5], "texture": "#1"},
				"east": {"uv": [3, 6.75, 3.125, 7.25], "texture": "#1"},
				"south": {"uv": [3.5, 6, 4, 6.5], "texture": "#1"},
				"west": {"uv": [3.25, 6.75, 3.375, 7.25], "texture": "#1"},
				"up": {"uv": [7.25, 4.375, 6.75, 4.25], "texture": "#1"},
				"down": {"uv": [7.25, 4.5, 6.75, 4.625], "texture": "#1"}
			}
		},
		{
			"from": [3.14, 14.9, 6.056],
			"to": [12.86, 17.006, 6.218],
			"rotation": {"angle": 0, "axis": "y", "origin": [10.916, 14.9, 6.056]},
			"faces": {
				"north": {"uv": [0, 2, 3, 2.625], "texture": "#1"},
				"east": {"uv": [3.75, 6.5, 3.875, 7.125], "texture": "#1"},
				"south": {"uv": [0, 2.75, 3, 3.375], "texture": "#1"},
				"west": {"uv": [4, 6.5, 4.125, 7.125], "texture": "#1"},
				"up": {"uv": [4, 5.375, 1, 5.25], "texture": "#1"},
				"down": {"uv": [8.25, 3.5, 5.25, 3.625], "texture": "#1"}
			}
		},
		{
			"from": [3.14, 14.9, 9.782],
			"to": [12.86, 17.006, 9.944],
			"rotation": {"angle": 0, "axis": "y", "origin": [10.916, 14.9, 9.782]},
			"faces": {
				"north": {"uv": [3, 0, 6, 0.625], "texture": "#1"},
				"east": {"uv": [4.25, 6.5, 4.375, 7.125], "texture": "#1"},
				"south": {"uv": [3, 0.75, 6, 1.375], "texture": "#1"},
				"west": {"uv": [4.5, 6.5, 4.625, 7.125], "texture": "#1"},
				"up": {"uv": [8.25, 3.875, 5.25, 3.75], "texture": "#1"},
				"down": {"uv": [7, 5.25, 4, 5.375], "texture": "#1"}
			}
		},
		{
			"from": [3.14, 16.844, 6.38],
			"to": [3.464, 18.302, 9.62],
			"rotation": {"angle": 0, "axis": "y", "origin": [4.436, 16.844, 5.57]},
			"faces": {
				"north": {"uv": [3.5, 6.75, 3.625, 7.25], "texture": "#1"},
				"east": {"uv": [3.75, 4.75, 4.75, 5.25], "texture": "#1"},
				"south": {"uv": [6.75, 6.25, 6.875, 6.75], "texture": "#1"},
				"west": {"uv": [4.75, 4.75, 5.75, 5.25], "texture": "#1"},
				"up": {"uv": [0.875, 7.5, 0.75, 6.5], "texture": "#1"},
				"down": {"uv": [1.125, 6.5, 1, 7.5], "texture": "#1"}
			}
		},
		{
			"from": [3.302, 16.844, 6.218],
			"to": [12.698, 18.302, 6.38],
			"rotation": {"angle": 0, "axis": "y", "origin": [10.916, 16.844, 6.218]},
			"faces": {
				"north": {"uv": [3, 1.5, 5.875, 2], "texture": "#1"},
				"east": {"uv": [6.75, 6.75, 6.875, 7.25], "texture": "#1"},
				"south": {"uv": [3, 2, 5.875, 2.5], "texture": "#1"},
				"west": {"uv": [7, 0, 7.125, 0.5], "texture": "#1"},
				"up": {"uv": [8.125, 4.125, 5.25, 4], "texture": "#1"},
				"down": {"uv": [6.875, 5.5, 4, 5.625], "texture": "#1"}
			}
		},
		{
			"from": [12.536, 16.844, 6.38],
			"to": [12.86, 18.302, 9.62],
			"rotation": {"angle": 0, "axis": "y", "origin": [13.832, 16.844, 5.57]},
			"faces": {
				"north": {"uv": [7, 1.25, 7.125, 1.75], "texture": "#1"},
				"east": {"uv": [5, 4.25, 6, 4.75], "texture": "#1"},
				"south": {"uv": [7, 1.75, 7.125, 2.25], "texture": "#1"},
				"west": {"uv": [0, 5.25, 1, 5.75], "texture": "#1"},
				"up": {"uv": [1.375, 7.5, 1.25, 6.5], "texture": "#1"},
				"down": {"uv": [6.625, 1.25, 6.5, 2.25], "texture": "#1"}
			}
		},
		{
			"from": [3.302, 18.302, 6.38],
			"to": [12.698, 18.464, 9.62],
			"rotation": {"angle": 0, "axis": "y", "origin": [13.832, 18.464, 5.57]},
			"faces": {
				"north": {"uv": [4, 5.75, 6.875, 5.875], "texture": "#1"},
				"east": {"uv": [0, 5.75, 1, 5.875], "texture": "#1"},
				"south": {"uv": [5.75, 4.75, 8.625, 4.875], "texture": "#1"},
				"west": {"uv": [6.5, 2.25, 7.5, 2.375], "texture": "#1"},
				"up": {"uv": [2.875, 1, 0, 0], "texture": "#1"},
				"down": {"uv": [2.875, 1, 0, 2], "texture": "#1"}
			}
		},
		{
			"from": [3.302, 16.844, 9.62],
			"to": [12.698, 18.302, 9.782],
			"rotation": {"angle": 0, "axis": "y", "origin": [10.916, 16.844, 9.62]},
			"faces": {
				"north": {"uv": [3, 2.5, 5.875, 3], "texture": "#1"},
				"east": {"uv": [2, 7, 2.125, 7.5], "texture": "#1"},
				"south": {"uv": [3, 3, 5.875, 3.5], "texture": "#1"},
				"west": {"uv": [2.25, 7, 2.375, 7.5], "texture": "#1"},
				"up": {"uv": [8.625, 5.125, 5.75, 5], "texture": "#1"},
				"down": {"uv": [2.875, 6, 0, 6.125], "texture": "#1"}
			}
		},
		{
			"from": [2.816, 13.604, 6.056],
			"to": [3.14, 15.062, 9.944],
			"rotation": {"angle": 0, "axis": "y", "origin": [4.112, 13.604, 5.57]},
			"faces": {
				"north": {"uv": [2.5, 7, 2.625, 7.5], "texture": "#1"},
				"east": {"uv": [3.75, 4.25, 5, 4.75], "texture": "#1"},
				"south": {"uv": [2.75, 7, 2.875, 7.5], "texture": "#1"},
				"west": {"uv": [0, 4.75, 1.25, 5.25], "texture": "#1"},
				"up": {"uv": [5.625, 7.5, 5.5, 6.25], "texture": "#1"},
				"down": {"uv": [5.875, 6.25, 5.75, 7.5], "texture": "#1"}
			}
		},
		{
			"from": [2.978, 14.9, 6.218],
			"to": [3.302, 17.006, 9.782],
			"rotation": {"angle": 0, "axis": "y", "origin": [4.274, 14.9, 5.57]},
			"faces": {
				"north": {"uv": [4.75, 6.5, 4.875, 7.125], "texture": "#1"},
				"east": {"uv": [0, 4, 1.125, 4.625], "texture": "#1"},
				"south": {"uv": [5, 6.5, 5.125, 7.125], "texture": "#1"},
				"west": {"uv": [1.25, 4, 2.375, 4.625], "texture": "#1"},
				"up": {"uv": [0.125, 7.625, 0, 6.5], "texture": "#1"},
				"down": {"uv": [6.625, 0, 6.5, 1.125], "texture": "#1"}
			}
		},
		{
			"from": [12.698, 14.9, 6.218],
			"to": [13.022, 17.006, 9.782],
			"rotation": {"angle": 0, "axis": "y", "origin": [13.994, 14.9, 5.57]},
			"faces": {
				"north": {"uv": [5.25, 6.5, 5.375, 7.125], "texture": "#1"},
				"east": {"uv": [2.5, 4, 3.625, 4.625], "texture": "#1"},
				"south": {"uv": [6.5, 6.25, 6.625, 6.875], "texture": "#1"},
				"west": {"uv": [4, 3.5, 5.125, 4.125], "texture": "#1"},
				"up": {"uv": [0.375, 7.625, 0.25, 6.5], "texture": "#1"},
				"down": {"uv": [0.625, 6.5, 0.5, 7.625], "texture": "#1"}
			}
		},
		{
			"from": [4.76, 13.604, 5.732],
			"to": [7.19, 15.062, 6.056],
			"rotation": {"angle": 0, "axis": "y", "origin": [7.352, 13.604, 5.732]},
			"faces": {
				"north": {"uv": [1, 5.5, 1.75, 6], "texture": "#1"},
				"east": {"uv": [7, 5.25, 7.125, 5.75], "texture": "#1"},
				"south": {"uv": [1.75, 5.5, 2.5, 6], "texture": "#1"},
				"west": {"uv": [7, 6.25, 7.125, 6.75], "texture": "#1"},
				"up": {"uv": [7.25, 2.625, 6.5, 2.5], "texture": "#1"},
				"down": {"uv": [7.25, 2.75, 6.5, 2.875], "texture": "#1"}
			}
		},
		{
			"from": [3.14, 13.604, 5.894],
			"to": [4.76, 15.062, 6.056],
			"rotation": {"angle": 0, "axis": "y", "origin": [5.084, 13.604, 5.894]},
			"faces": {
				"north": {"uv": [4, 6, 4.5, 6.5], "texture": "#1"},
				"east": {"uv": [6.5, 7, 6.625, 7.5], "texture": "#1"},
				"south": {"uv": [6, 4.25, 6.5, 4.75], "texture": "#1"},
				"west": {"uv": [7, 6.75, 7.125, 7.25], "texture": "#1"},
				"up": {"uv": [7.5, 3.375, 7, 3.25], "texture": "#1"},
				"down": {"uv": [7.5, 5.75, 7, 5.875], "texture": "#1"}
			}
		},
		{
			"from": [11.24, 13.604, 9.944],
			"to": [12.86, 15.062, 10.106],
			"rotation": {"angle": 0, "axis": "y", "origin": [10.916, 13.604, 10.106]},
			"faces": {
				"north": {"uv": [4.5, 6, 5, 6.5], "texture": "#1"},
				"east": {"uv": [7.25, 0, 7.375, 0.5], "texture": "#1"},
				"south": {"uv": [5, 6, 5.5, 6.5], "texture": "#1"},
				"west": {"uv": [7.25, 0.5, 7.375, 1], "texture": "#1"},
				"up": {"uv": [7.75, 1.125, 7.25, 1], "texture": "#1"},
				"down": {"uv": [7.75, 1.25, 7.25, 1.375], "texture": "#1"}
			}
		},
		{
			"from": [4.76, 13.604, 9.944],
			"to": [11.24, 15.062, 10.268],
			"rotation": {"angle": 0, "axis": "y", "origin": [8.648, 13.604, 10.268]},
			"faces": {
				"north": {"uv": [0, 3.5, 2, 4], "texture": "#1"},
				"east": {"uv": [1.5, 7.25, 1.625, 7.75], "texture": "#1"},
				"south": {"uv": [2, 3.5, 4, 4], "texture": "#1"},
				"west": {"uv": [7.25, 1.5, 7.375, 2], "texture": "#1"},
				"up": {"uv": [7.5, 6.125, 5.5, 6], "texture": "#1"},
				"down": {"uv": [2, 6.25, 0, 6.375], "texture": "#1"}
			}
		},
		{
			"from": [3.14, 13.604, 9.944],
			"to": [4.76, 15.062, 10.106],
			"rotation": {"angle": 0, "axis": "y", "origin": [5.084, 13.604, 10.106]},
			"faces": {
				"north": {"uv": [2, 6.25, 2.5, 6.75], "texture": "#1"},
				"east": {"uv": [1.75, 7.25, 1.875, 7.75], "texture": "#1"},
				"south": {"uv": [2.5, 6.25, 3, 6.75], "texture": "#1"},
				"west": {"uv": [7.25, 2.5, 7.375, 3], "texture": "#1"},
				"up": {"uv": [7.75, 2.125, 7.25, 2], "texture": "#1"},
				"down": {"uv": [3.5, 7.25, 3, 7.375], "texture": "#1"}
			}
		},
		{
			"from": [8.81, 13.604, 5.732],
			"to": [11.24, 15.062, 6.056],
			"rotation": {"angle": 0, "axis": "y", "origin": [8.648, 13.604, 5.732]},
			"faces": {
				"north": {"uv": [2.5, 5.5, 3.25, 6], "texture": "#1"},
				"east": {"uv": [3.5, 7.25, 3.625, 7.75], "texture": "#1"},
				"south": {"uv": [3.25, 5.5, 4, 6], "texture": "#1"},
				"west": {"uv": [3.75, 7.25, 3.875, 7.75], "texture": "#1"},
				"up": {"uv": [3.75, 6.625, 3, 6.5], "texture": "#1"},
				"down": {"uv": [7.25, 3, 6.5, 3.125], "texture": "#1"}
			}
		},
		{
			"from": [12.86, 13.604, 6.056],
			"to": [13.184, 15.062, 9.944],
			"rotation": {"angle": 0, "axis": "y", "origin": [11.888, 13.604, 5.57]},
			"faces": {
				"north": {"uv": [4, 7.25, 4.125, 7.75], "texture": "#1"},
				"east": {"uv": [1.25, 4.75, 2.5, 5.25], "texture": "#1"},
				"south": {"uv": [4.25, 7.25, 4.375, 7.75], "texture": "#1"},
				"west": {"uv": [2.5, 4.75, 3.75, 5.25], "texture": "#1"},
				"up": {"uv": [6.125, 7.5, 6, 6.25], "texture": "#1"},
				"down": {"uv": [6.375, 6.25, 6.25, 7.5], "texture": "#1"}
			}
		},
		{
			"from": [6.056, 18.464, 6.056],
			"to": [9.944, 21.952, 9.944],
			"rotation": {"angle": 0, "axis": "y", "origin": [7.352, 18.464, 6.704]},
			"faces": {
				"north": {"uv": [6.75, 3, 7.75, 3.875], "texture": "#6"},
				"east": {"uv": [4, 6.75, 5, 7.625], "texture": "#6"},
				"south": {"uv": [6.75, 4, 7.75, 4.875], "texture": "#6"},
				"west": {"uv": [5, 6.75, 6, 7.625], "texture": "#6"},
				"up": {"uv": [2.5, 7.75, 1.5, 6.75], "texture": "#6"},
				"down": {"uv": [3.75, 6.75, 2.75, 7.75], "texture": "#6"}
			}
		},
		{
			"from": [5.256, 21.984, 5.256],
			"to": [10.744, 22.672, 10.744],
			"rotation": {"angle": 0, "axis": "y", "origin": [7.352, 21.184, 6.704]},
			"faces": {
				"north": {"uv": [8, 1.25, 9.375, 1.4375], "texture": "#6"},
				"east": {"uv": [8, 1.5, 9.375, 1.6875], "texture": "#6"},
				"south": {"uv": [8, 1.75, 9.375, 1.9375], "texture": "#6"},
				"west": {"uv": [8, 2, 9.375, 2.1875], "texture": "#6"},
				"up": {"uv": [7.625, 7.875, 6.25, 6.5], "texture": "#6"},
				"down": {"uv": [1.375, 6.75, 0, 8.125], "texture": "#6"}
			}
		},
		{
			"from": [9.944, 18.464, 6.056],
			"to": [10.268, 21.952, 9.944],
			"rotation": {"angle": 0, "axis": "y", "origin": [7.352, 18.464, 6.704]},
			"faces": {
				"north": {"uv": [8.25, 8.75, 8.3125, 9.625], "texture": "#6"},
				"east": {"uv": [6.75, 5, 7.75, 5.875], "texture": "#6"},
				"south": {"uv": [8.5, 8.75, 8.5625, 9.625], "texture": "#6"},
				"west": {"uv": [1.5, 7.75, 2.5, 8.625], "texture": "#6"},
				"up": {"uv": [5.8125, 9.75, 5.75, 8.75], "texture": "#6"},
				"down": {"uv": [6.0625, 8.75, 6, 9.75], "texture": "#6"}
			}
		},
		{
			"from": [5.732, 18.464, 6.056],
			"to": [6.056, 21.952, 9.944],
			"rotation": {"angle": 0, "axis": "y", "origin": [2.816, 18.464, 6.704]},
			"faces": {
				"north": {"uv": [8.75, 8.5, 8.8125, 9.375], "texture": "#6"},
				"east": {"uv": [2.5, 7.75, 3.5, 8.625], "texture": "#6"},
				"south": {"uv": [0, 9, 0.0625, 9.875], "texture": "#6"},
				"west": {"uv": [7.75, 3, 8.75, 3.875], "texture": "#6"},
				"up": {"uv": [6.3125, 9.75, 6.25, 8.75], "texture": "#6"},
				"down": {"uv": [6.5625, 8.75, 6.5, 9.75], "texture": "#6"}
			}
		},
		{
			"from": [5.633, 18.464, 9.806],
			"to": [10.381, 20.408, 10.194],
			"rotation": {"angle": 0, "axis": "y", "origin": [2.816, 18.464, 10.454]},
			"faces": {
				"north": {"uv": [6.75, 6, 7.9375, 6.5], "texture": "#6"},
				"east": {"uv": [5.25, 8.75, 5.375, 9.25], "texture": "#6"},
				"south": {"uv": [7, 0, 8.1875, 0.5], "texture": "#6"},
				"west": {"uv": [5.5, 8.75, 5.625, 9.25], "texture": "#6"},
				"up": {"uv": [9.6875, 7.125, 8.5, 7], "texture": "#6"},
				"down": {"uv": [1.1875, 8.75, 0, 8.875], "texture": "#6"}
			}
		},
		{
			"from": [5.408, 18.464, 6.056],
			"to": [6.056, 20.408, 9.944],
			"rotation": {"angle": 0, "axis": "y", "origin": [2.816, 18.464, 6.704]},
			"faces": {
				"north": {"uv": [6.75, 6, 7.9375, 6.5], "texture": "#6"},
				"east": {"uv": [5.25, 8.75, 5.375, 9.25], "texture": "#6"},
				"south": {"uv": [7, 0, 8.1875, 0.5], "texture": "#6"},
				"west": {"uv": [5.5, 8.75, 5.625, 9.25], "texture": "#6"},
				"up": {"uv": [9.6875, 7.125, 8.5, 7], "texture": "#6"},
				"down": {"uv": [1.1875, 8.75, 0, 8.875], "texture": "#6"}
			}
		},
		{
			"from": [5.408, 19.064, 5.576],
			"to": [10.596, 20.408, 6.064],
			"rotation": {"angle": 0, "axis": "y", "origin": [2.816, 18.464, 5.416]},
			"faces": {
				"north": {"uv": [7.75, 5.5, 9.0625, 5.8125], "texture": "#6"},
				"east": {"uv": [0.25, 9, 0.375, 9.3125], "texture": "#6"},
				"south": {"uv": [7.75, 7.25, 9.0625, 7.5625], "texture": "#6"},
				"west": {"uv": [0.5, 9, 0.625, 9.3125], "texture": "#6"},
				"up": {"uv": [9.8125, 6.625, 8.5, 6.5], "texture": "#6"},
				"down": {"uv": [9.8125, 6.75, 8.5, 6.875], "texture": "#6"}
			}
		},
		{
			"from": [8.404, 20.064, 5.296],
			"to": [10.792, 20.408, 5.584],
			"rotation": {"angle": 0, "axis": "y", "origin": [13.184, 18.464, 4.936]},
			"faces": {
				"north": {"uv": [9, 0.25, 9.625, 0.3125], "texture": "#6"},
				"east": {"uv": [6.75, 9.25, 6.8125, 9.3125], "texture": "#6"},
				"south": {"uv": [0.75, 9, 1.375, 9.0625], "texture": "#6"},
				"west": {"uv": [7, 9.25, 7.0625, 9.3125], "texture": "#6"},
				"up": {"uv": [2.125, 9.0625, 1.5, 9], "texture": "#6"},
				"down": {"uv": [9.625, 2.75, 9, 2.8125], "texture": "#6"}
			}
		},
		{
			"from": [9.604, 20.064, 5.096],
			"to": [10.792, 20.408, 5.384],
			"rotation": {"angle": 0, "axis": "y", "origin": [13.184, 18.464, 4.736]},
			"faces": {
				"north": {"uv": [9, 8, 9.3125, 8.0625], "texture": "#6"},
				"east": {"uv": [7.25, 9.25, 7.3125, 9.3125], "texture": "#6"},
				"south": {"uv": [9, 8.25, 9.3125, 8.3125], "texture": "#6"},
				"west": {"uv": [9.25, 7.25, 9.3125, 7.3125], "texture": "#6"},
				"up": {"uv": [9.3125, 8.5625, 9, 8.5], "texture": "#6"},
				"down": {"uv": [9.3125, 8.75, 9, 8.8125], "texture": "#6"}
			}
		},
		{
			"from": [6.708, 20.064, 4.196],
			"to": [7.276, 20.408, 4.484],
			"rotation": {"angle": -22.5, "axis": "y", "origin": [4.316, 18.464, 3.836]},
			"faces": {
				"north": {"uv": [9.25, 4.5, 9.375, 4.5625], "texture": "#6"},
				"east": {"uv": [7.5, 9.25, 7.5625, 9.3125], "texture": "#6"},
				"south": {"uv": [4.75, 9.25, 4.875, 9.3125], "texture": "#6"},
				"west": {"uv": [9.25, 7.5, 9.3125, 7.5625], "texture": "#6"},
				"up": {"uv": [5.125, 9.3125, 5, 9.25], "texture": "#6"},
				"down": {"uv": [5.375, 9.25, 5.25, 9.3125], "texture": "#6"}
			}
		},
		{
			"from": [5.208, 20.064, 5.296],
			"to": [7.596, 20.408, 5.584],
			"rotation": {"angle": 0, "axis": "y", "origin": [2.816, 18.464, 4.936]},
			"faces": {
				"north": {"uv": [9, 4.75, 9.625, 4.8125], "texture": "#6"},
				"east": {"uv": [7.75, 9.25, 7.8125, 9.3125], "texture": "#6"},
				"south": {"uv": [9, 5, 9.625, 5.0625], "texture": "#6"},
				"west": {"uv": [9.25, 7.75, 9.3125, 7.8125], "texture": "#6"},
				"up": {"uv": [9.625, 5.3125, 9, 5.25], "texture": "#6"},
				"down": {"uv": [9.625, 6, 9, 6.0625], "texture": "#6"}
			}
		},
		{
			"from": [5.208, 20.064, 5.096],
			"to": [6.396, 20.408, 5.384],
			"rotation": {"angle": 0, "axis": "y", "origin": [2.816, 18.464, 4.736]},
			"faces": {
				"north": {"uv": [9, 9, 9.3125, 9.0625], "texture": "#6"},
				"east": {"uv": [8, 9.25, 8.0625, 9.3125], "texture": "#6"},
				"south": {"uv": [9.25, 0, 9.5625, 0.0625], "texture": "#6"},
				"west": {"uv": [9, 9.25, 9.0625, 9.3125], "texture": "#6"},
				"up": {"uv": [9.5625, 0.5625, 9.25, 0.5], "texture": "#6"},
				"down": {"uv": [1.0625, 9.25, 0.75, 9.3125], "texture": "#6"}
			}
		},
		{
			"from": [8.724, 20.064, 4.196],
			"to": [9.292, 20.408, 4.484],
			"rotation": {"angle": 22.5, "axis": "y", "origin": [11.684, 18.464, 3.836]},
			"faces": {
				"north": {"uv": [5.5, 9.25, 5.625, 9.3125], "texture": "#6"},
				"east": {"uv": [9.25, 9.25, 9.3125, 9.3125], "texture": "#6"},
				"south": {"uv": [9.25, 5.5, 9.375, 5.5625], "texture": "#6"},
				"west": {"uv": [0.25, 9.5, 0.3125, 9.5625], "texture": "#6"},
				"up": {"uv": [9.375, 5.8125, 9.25, 5.75], "texture": "#6"},
				"down": {"uv": [9.375, 6.25, 9.25, 6.3125], "texture": "#6"}
			}
		},
		{
			"from": [5.408, 18.264, 5.496],
			"to": [8.396, 19.608, 6.184],
			"rotation": {"angle": -22.5, "axis": "z", "origin": [6.616, 19.064, 4.936]},
			"faces": {
				"north": {"uv": [8, 2.25, 8.75, 2.5625], "texture": "#6"},
				"east": {"uv": [8.75, 6, 8.9375, 6.3125], "texture": "#6"},
				"south": {"uv": [8, 6, 8.75, 6.3125], "texture": "#6"},
				"west": {"uv": [7.75, 8.75, 7.9375, 9.0625], "texture": "#6"},
				"up": {"uv": [2, 8.9375, 1.25, 8.75], "texture": "#6"},
				"down": {"uv": [2.75, 8.75, 2, 8.9375], "texture": "#6"}
			}
		},
		{
			"from": [7.604, 18.264, 5.496],
			"to": [10.592, 19.608, 6.184],
			"rotation": {"angle": 22.5, "axis": "z", "origin": [9.384, 19.064, 4.936]},
			"faces": {
				"north": {"uv": [6.25, 8, 7, 8.3125], "texture": "#6"},
				"east": {"uv": [8, 8.75, 8.1875, 9.0625], "texture": "#6"},
				"south": {"uv": [7, 8, 7.75, 8.3125], "texture": "#6"},
				"west": {"uv": [8.75, 8, 8.9375, 8.3125], "texture": "#6"},
				"up": {"uv": [9.5, 2.4375, 8.75, 2.25], "texture": "#6"},
				"down": {"uv": [9.5, 2.5, 8.75, 2.6875], "texture": "#6"}
			}
		},
		{
			"from": [7.768, 20.384, 5.416],
			"to": [8.276, 20.808, 5.904],
			"rotation": {"angle": 0, "axis": "y", "origin": [2.976, 18.864, 5.256]},
			"faces": {
				"north": {"uv": [9.25, 0.75, 9.375, 0.875], "texture": "#6"},
				"east": {"uv": [9.25, 1, 9.375, 1.125], "texture": "#6"},
				"south": {"uv": [1.25, 9.25, 1.375, 9.375], "texture": "#6"},
				"west": {"uv": [1.5, 9.25, 1.625, 9.375], "texture": "#6"},
				"up": {"uv": [1.875, 9.375, 1.75, 9.25], "texture": "#6"},
				"down": {"uv": [2.125, 9.25, 2, 9.375], "texture": "#6"}
			}
		},
		{
			"from": [8.968, 21.184, 5.416],
			"to": [9.476, 21.608, 5.904],
			"rotation": {"angle": 0, "axis": "y", "origin": [4.176, 19.664, 5.256]},
			"faces": {
				"north": {"uv": [2.25, 9.25, 2.375, 9.375], "texture": "#6"},
				"east": {"uv": [2.5, 9.25, 2.625, 9.375], "texture": "#6"},
				"south": {"uv": [2.75, 9.25, 2.875, 9.375], "texture": "#6"},
				"west": {"uv": [3, 9.25, 3.125, 9.375], "texture": "#6"},
				"up": {"uv": [9.375, 3.125, 9.25, 3], "texture": "#6"},
				"down": {"uv": [3.375, 9.25, 3.25, 9.375], "texture": "#6"}
			}
		},
		{
			"from": [6.524, 21.184, 5.416],
			"to": [7.032, 21.608, 5.904],
			"rotation": {"angle": 0, "axis": "y", "origin": [11.824, 19.664, 5.256]},
			"faces": {
				"north": {"uv": [9.25, 3.25, 9.375, 3.375], "texture": "#6"},
				"east": {"uv": [3.5, 9.25, 3.625, 9.375], "texture": "#6"},
				"south": {"uv": [9.25, 3.5, 9.375, 3.625], "texture": "#6"},
				"west": {"uv": [3.75, 9.25, 3.875, 9.375], "texture": "#6"},
				"up": {"uv": [9.375, 3.875, 9.25, 3.75], "texture": "#6"},
				"down": {"uv": [4.125, 9.25, 4, 9.375], "texture": "#6"}
			}
		},
		{
			"from": [9.944, 18.464, 6.056],
			"to": [10.592, 20.408, 9.944],
			"rotation": {"angle": 0, "axis": "y", "origin": [7.352, 18.464, 6.704]},
			"faces": {
				"north": {"uv": [2.5, 7, 2.6875, 7.5], "texture": "#6"},
				"east": {"uv": [4.5, 7.75, 5.5, 8.25], "texture": "#6"},
				"south": {"uv": [3.75, 7, 3.9375, 7.5], "texture": "#6"},
				"west": {"uv": [7.75, 5, 8.75, 5.5], "texture": "#6"},
				"up": {"uv": [6.1875, 7.75, 6, 6.75], "texture": "#6"},
				"down": {"uv": [5.1875, 8.25, 5, 9.25], "texture": "#6"}
			}
		},
		{
			"from": [5.656, 22.584, 5.656],
			"to": [10.344, 23.472, 10.344],
			"rotation": {"angle": 0, "axis": "y", "origin": [7.352, 21.784, 6.704]},
			"faces": {
				"north": {"uv": [7.75, 7.75, 8.9375, 8], "texture": "#6"},
				"east": {"uv": [8, 0.5, 9.1875, 0.75], "texture": "#6"},
				"south": {"uv": [8, 0.75, 9.1875, 1], "texture": "#6"},
				"west": {"uv": [8, 1, 9.1875, 1.25], "texture": "#6"},
				"up": {"uv": [7.9375, 1.6875, 6.75, 0.5], "texture": "#6"},
				"down": {"uv": [7.9375, 1.75, 6.75, 2.9375], "texture": "#6"}
			}
		},
		{
			"from": [6.256, 23.384, 6.256],
			"to": [9.744, 24.472, 9.744],
			"rotation": {"angle": 0, "axis": "y", "origin": [7.352, 22.584, 6.704]},
			"faces": {
				"north": {"uv": [8, 2.75, 8.875, 3], "texture": "#6"},
				"east": {"uv": [7.75, 8, 8.625, 8.25], "texture": "#6"},
				"south": {"uv": [0, 8.25, 0.875, 8.5], "texture": "#6"},
				"west": {"uv": [8.25, 0, 9.125, 0.25], "texture": "#6"},
				"up": {"uv": [4.375, 8.625, 3.5, 7.75], "texture": "#6"},
				"down": {"uv": [8.625, 4, 7.75, 4.875], "texture": "#6"}
			}
		},
		{
			"from": [6.656, 24.384, 6.656],
			"to": [9.344, 25.272, 9.344],
			"rotation": {"angle": 0, "axis": "y", "origin": [7.352, 23.584, 6.704]},
			"faces": {
				"north": {"uv": [8.25, 0.25, 8.9375, 0.5], "texture": "#6"},
				"east": {"uv": [0, 8.5, 0.6875, 8.75], "texture": "#6"},
				"south": {"uv": [5.25, 8.5, 5.9375, 8.75], "texture": "#6"},
				"west": {"uv": [6, 8.5, 6.6875, 8.75], "texture": "#6"},
				"up": {"uv": [6.1875, 8.4375, 5.5, 7.75], "texture": "#6"},
				"down": {"uv": [8.4375, 6.5, 7.75, 7.1875], "texture": "#6"}
			}
		},
		{
			"from": [7.056, 25.384, 7.006],
			"to": [8.944, 26.872, 8.694],
			"rotation": {"angle": 22.5, "axis": "x", "origin": [7.352, 25.184, 6.454]},
			"faces": {
				"north": {"uv": [7.75, 8.25, 8.25, 8.625], "texture": "#6"},
				"east": {"uv": [6.75, 8.5, 7.1875, 8.875], "texture": "#6"},
				"south": {"uv": [8.25, 8.25, 8.75, 8.625], "texture": "#6"},
				"west": {"uv": [7.25, 8.5, 7.6875, 8.875], "texture": "#6"},
				"up": {"uv": [1.5, 8.6875, 1, 8.25], "texture": "#6"},
				"down": {"uv": [5, 8.25, 4.5, 8.6875], "texture": "#6"}
			}
		},
		{
			"from": [7.406, 26.954, 7.806],
			"to": [8.594, 28.442, 8.969],
			"rotation": {"angle": 45, "axis": "x", "origin": [7.352, 26.754, 7.054]},
			"faces": {
				"north": {"uv": [2.75, 8.75, 3.0625, 9.125], "texture": "#6"},
				"east": {"uv": [8.75, 3, 9.0625, 3.375], "texture": "#6"},
				"south": {"uv": [3.25, 8.75, 3.5625, 9.125], "texture": "#6"},
				"west": {"uv": [8.75, 3.5, 9.0625, 3.875], "texture": "#6"},
				"up": {"uv": [4.0625, 9.0625, 3.75, 8.75], "texture": "#6"},
				"down": {"uv": [9.0625, 4, 8.75, 4.3125], "texture": "#6"}
			}
		},
		{
			"from": [7.606, 26.79966, 8.81834],
			"to": [8.394, 27.66266, 10.30634],
			"rotation": {"angle": -22.5, "axis": "x", "origin": [7.352, 27.454, 9.679]},
			"faces": {
				"north": {"uv": [2.25, 9, 2.4375, 9.1875], "texture": "#6"},
				"east": {"uv": [4.25, 8.75, 4.625, 8.9375], "texture": "#6"},
				"south": {"uv": [2.5, 9, 2.6875, 9.1875], "texture": "#6"},
				"west": {"uv": [8.75, 4.5, 9.125, 4.6875], "texture": "#6"},
				"up": {"uv": [4.9375, 9.125, 4.75, 8.75], "texture": "#6"},
				"down": {"uv": [8.9375, 4.75, 8.75, 5.125], "texture": "#6"}
			}
		},
		{
			"from": [7.706, 27.17466, 10.16834],
			"to": [8.294, 27.78766, 11.05634],
			"rotation": {"angle": 0, "axis": "x", "origin": [7.352, 27.679, 11.029]},
			"faces": {
				"north": {"uv": [9.25, 4, 9.375, 4.125], "texture": "#6"},
				"east": {"uv": [4.25, 9, 4.5, 9.125], "texture": "#6"},
				"south": {"uv": [4.25, 9.25, 4.375, 9.375], "texture": "#6"},
				"west": {"uv": [4.5, 9, 4.75, 9.125], "texture": "#6"},
				"up": {"uv": [9.125, 6.5, 9, 6.25], "texture": "#6"},
				"down": {"uv": [6.875, 9, 6.75, 9.25], "texture": "#6"}
			}
		},
		{
			"from": [7.506, 26.62466, 11.66834],
			"to": [8.506, 27.62466, 12.66834],
			"rotation": {"angle": -22.5, "axis": "x", "origin": [7.152, 27.129, 12.529]},
			"faces": {
				"north": {"uv": [0, 0, 0.25, 0.25], "texture": "#6"},
				"east": {"uv": [0, 0.25, 0.25, 0.5], "texture": "#6"},
				"south": {"uv": [0.25, 0, 0.5, 0.25], "texture": "#6"},
				"west": {"uv": [0.25, 0.25, 0.5, 0.5], "texture": "#6"},
				"up": {"uv": [0.25, 0.75, 0, 0.5], "texture": "#6"},
				"down": {"uv": [0.75, 0, 0.5, 0.25], "texture": "#6"}
			}
		},
		{
			"from": [7.806, 27.14966, 10.99334],
			"to": [8.194, 27.56266, 11.88134],
			"rotation": {"angle": 22.5, "axis": "x", "origin": [7.852, 27.554, 11.354]},
			"faces": {
				"north": {"uv": [9.25, 4.25, 9.375, 4.375], "texture": "#6"},
				"east": {"uv": [7, 9, 7.25, 9.125], "texture": "#6"},
				"south": {"uv": [4.5, 9.25, 4.625, 9.375], "texture": "#6"},
				"west": {"uv": [7.25, 9, 7.5, 9.125], "texture": "#6"},
				"up": {"uv": [7.625, 9.25, 7.5, 9], "texture": "#6"},
				"down": {"uv": [9.125, 7.75, 9, 8], "texture": "#6"}
			}
		},
		{
			"from": [2.654, 12.308, 5.084],
			"to": [13.346, 12.956, 6.056],
			"rotation": {"angle": 0, "axis": "y", "origin": [7.352, 12.308, 5.084]},
			"faces": {
				"north": {"uv": [0, 2, 6.75, 2.5], "texture": "#3"},
				"east": {"uv": [7, 5, 7.5, 5.5], "texture": "#3"},
				"south": {"uv": [0, 2.5, 6.75, 3], "texture": "#3"},
				"west": {"uv": [5.5, 7, 6, 7.5], "texture": "#3"},
				"up": {"uv": [6.75, 3.5, 0, 3], "texture": "#3"},
				"down": {"uv": [6.75, 3.5, 0, 4], "texture": "#3"}
			}
		},
		{
			"from": [2.654, 12.308, 9.944],
			"to": [13.346, 13.604, 10.43],
			"rotation": {"angle": 0, "axis": "y", "origin": [7.352, 12.308, 9.458]},
			"faces": {
				"north": {"uv": [0, 0, 6.75, 0.75], "texture": "#3"},
				"east": {"uv": [4.5, 7.5, 4.75, 8.25], "texture": "#3"},
				"south": {"uv": [0, 1, 6.75, 1.75], "texture": "#3"},
				"west": {"uv": [5, 7.5, 5.25, 8.25], "texture": "#3"},
				"up": {"uv": [13.75, 0.25, 7, 0], "texture": "#3"},
				"down": {"uv": [13.75, 0.5, 7, 0.75], "texture": "#3"}
			}
		},
		{
			"from": [12.86, 12.308, 6.056],
			"to": [13.346, 13.604, 9.944],
			"rotation": {"angle": 0, "axis": "y", "origin": [7.028, 12.308, 7.514]},
			"faces": {
				"north": {"uv": [7.5, 5, 7.75, 5.75], "texture": "#3"},
				"east": {"uv": [0, 6, 2.5, 6.75], "texture": "#3"},
				"south": {"uv": [5.5, 7.5, 5.75, 8.25], "texture": "#3"},
				"west": {"uv": [2.5, 6, 5, 6.75], "texture": "#3"},
				"up": {"uv": [7.25, 3.5, 7, 1], "texture": "#3"},
				"down": {"uv": [2.75, 7, 2.5, 9.5], "texture": "#3"}
			}
		},
		{
			"from": [2.654, 12.308, 6.056],
			"to": [3.14, 13.604, 9.944],
			"rotation": {"angle": 0, "axis": "y", "origin": [-3.178, 12.308, 7.514]},
			"faces": {
				"north": {"uv": [6, 7.5, 6.25, 8.25], "texture": "#3"},
				"east": {"uv": [5, 6, 7.5, 6.75], "texture": "#3"},
				"south": {"uv": [7.5, 6, 7.75, 6.75], "texture": "#3"},
				"west": {"uv": [0, 7, 2.5, 7.75], "texture": "#3"},
				"up": {"uv": [3.25, 9.5, 3, 7], "texture": "#3"},
				"down": {"uv": [3.75, 7, 3.5, 9.5], "texture": "#3"}
			}
		},
		{
			"from": [2.654, 12.956, 5.408],
			"to": [13.346, 13.604, 6.056],
			"rotation": {"angle": 0, "axis": "y", "origin": [7.352, 12.956, 5.084]},
			"faces": {
				"north": {"uv": [0, 4, 6.75, 4.5], "texture": "#3"},
				"east": {"uv": [7, 5.5, 7.5, 6], "texture": "#3"},
				"south": {"uv": [0, 4.5, 6.75, 5], "texture": "#3"},
				"west": {"uv": [6, 7, 6.5, 7.5], "texture": "#3"},
				"up": {"uv": [6.75, 5.5, 0, 5], "texture": "#3"},
				"down": {"uv": [6.75, 5.5, 0, 6], "texture": "#3"}
			}
		},
		{
			"from": [8.324, 12.308, 4.76],
			"to": [8.972, 13.118, 5.084],
			"rotation": {"angle": 0, "axis": "y", "origin": [7.676, 12.308, 4.76]},
			"faces": {
				"north": {"uv": [6.5, 7, 7, 7.5], "texture": "#3"},
				"east": {"uv": [6.5, 7.5, 6.75, 8], "texture": "#3"},
				"south": {"uv": [7, 7, 7.5, 7.5], "texture": "#3"},
				"west": {"uv": [7, 7.5, 7.25, 8], "texture": "#3"},
				"up": {"uv": [8, 7.25, 7.5, 7], "texture": "#3"},
				"down": {"uv": [8, 7.5, 7.5, 7.75], "texture": "#3"}
			}
		},
		{
			"from": [7.028, 12.308, 4.76],
			"to": [7.676, 13.118, 5.084],
			"rotation": {"angle": 0, "axis": "y", "origin": [6.38, 12.308, 4.76]},
			"faces": {
				"north": {"uv": [7.5, 1, 8, 1.5], "texture": "#3"},
				"east": {"uv": [0, 8, 0.25, 8.5], "texture": "#3"},
				"south": {"uv": [7.5, 1.5, 8, 2], "texture": "#3"},
				"west": {"uv": [0.5, 8, 0.75, 8.5], "texture": "#3"},
				"up": {"uv": [1.5, 8.25, 1, 8], "texture": "#3"},
				"down": {"uv": [8.5, 1, 8, 1.25], "texture": "#3"}
			}
		},
		{
			"from": [7.676, 12.308, 4.76],
			"to": [8.324, 12.632, 5.084],
			"rotation": {"angle": 0, "axis": "y", "origin": [7.028, 12.308, 4.76]},
			"faces": {
				"north": {"uv": [1.5, 8, 2, 8.25], "texture": "#3"},
				"east": {"uv": [8, 8, 8.25, 8.25], "texture": "#3"},
				"south": {"uv": [8, 1.5, 8.5, 1.75], "texture": "#3"},
				"west": {"uv": [0, 8.5, 0.25, 8.75], "texture": "#3"},
				"up": {"uv": [2.5, 8.25, 2, 8], "texture": "#3"},
				"down": {"uv": [8.5, 2, 8, 2.25], "texture": "#3"}
			}
		},
		{
			"from": [7.676, 13.442, 5.084],
			"to": [8.324, 13.766, 5.408],
			"rotation": {"angle": 0, "axis": "y", "origin": [7.028, 13.442, 5.084]},
			"faces": {
				"north": {"uv": [8, 2.5, 8.5, 2.75], "texture": "#3"},
				"east": {"uv": [0.5, 8.5, 0.75, 8.75], "texture": "#3"},
				"south": {"uv": [8, 3, 8.5, 3.25], "texture": "#3"},
				"west": {"uv": [1, 8.5, 1.25, 8.75], "texture": "#3"},
				"up": {"uv": [4.5, 8.25, 4, 8], "texture": "#3"},
				"down": {"uv": [8.5, 5, 8, 5.25], "texture": "#3"}
			}
		},
		{
			"from": [7.028, 13.604, 5.408],
			"to": [8.972, 13.766, 5.894],
			"rotation": {"angle": 0, "axis": "y", "origin": [7.028, 13.442, 5.408]},
			"faces": {
				"north": {"uv": [7, 3.5, 8.25, 3.75], "texture": "#3"},
				"east": {"uv": [8.5, 1, 8.75, 1.25], "texture": "#3"},
				"south": {"uv": [4, 7, 5.25, 7.25], "texture": "#3"},
				"west": {"uv": [1.5, 8.5, 1.75, 8.75], "texture": "#3"},
				"up": {"uv": [8.25, 4.25, 7, 4], "texture": "#3"},
				"down": {"uv": [8.25, 4.5, 7, 4.75], "texture": "#3"}
			}
		},
		{
			"from": [8.324, 12.956, 5.084],
			"to": [8.972, 13.766, 5.408],
			"rotation": {"angle": 0, "axis": "y", "origin": [7.676, 12.956, 5.084]},
			"faces": {
				"north": {"uv": [7.5, 2, 8, 2.5], "texture": "#3"},
				"east": {"uv": [8, 5.5, 8.25, 6], "texture": "#3"},
				"south": {"uv": [7.5, 2.5, 8, 3], "texture": "#3"},
				"west": {"uv": [8, 6, 8.25, 6.5], "texture": "#3"},
				"up": {"uv": [7, 8.25, 6.5, 8], "texture": "#3"},
				"down": {"uv": [8.5, 6.5, 8, 6.75], "texture": "#3"}
			}
		},
		{
			"from": [7.028, 12.956, 5.084],
			"to": [7.676, 13.766, 5.408],
			"rotation": {"angle": 0, "axis": "y", "origin": [6.38, 12.956, 5.084]},
			"faces": {
				"north": {"uv": [7.5, 3, 8, 3.5], "texture": "#3"},
				"east": {"uv": [7, 8, 7.25, 8.5], "texture": "#3"},
				"south": {"uv": [4, 7.5, 4.5, 8], "texture": "#3"},
				"west": {"uv": [8, 7, 8.25, 7.5], "texture": "#3"},
				"up": {"uv": [8, 8.25, 7.5, 8], "texture": "#3"},
				"down": {"uv": [8.5, 7.5, 8, 7.75], "texture": "#3"}
			}
		},
		{
			"from": [7.028, 10.364, 5.246],
			"to": [8.972, 12.308, 5.408],
			"rotation": {"angle": 0, "axis": "y", "origin": [7.352, 10.364, 5.246]},
			"faces": {
				"north": {"uv": [0, 6, 1.25, 7.25], "texture": "#4"},
				"east": {"uv": [7.5, 4.5, 7.75, 5.75], "texture": "#4"},
				"south": {"uv": [1.5, 6, 2.75, 7.25], "texture": "#4"},
				"west": {"uv": [5.5, 7.5, 5.75, 8.75], "texture": "#4"},
				"up": {"uv": [8.75, 6.25, 7.5, 6], "texture": "#4"},
				"down": {"uv": [8.75, 6.5, 7.5, 6.75], "texture": "#4"}
			}
		},
		{
			"from": [7.028, 10.364, 5.421],
			"to": [8.972, 10.558, 10.233],
			"rotation": {"angle": 0, "axis": "y", "origin": [7.352, 10.364, 6.246]},
			"faces": {
				"north": {"uv": [2.5, 1.25, 3, 1.5], "texture": "#4"},
				"east": {"uv": [0, 1.25, 1.25, 1.5], "texture": "#4"},
				"south": {"uv": [0, 2.75, 0.5, 3], "texture": "#4"},
				"west": {"uv": [1.25, 1.25, 2.5, 1.5], "texture": "#4"},
				"up": {"uv": [9.25, 1.25, 8.75, 0], "texture": "#4"},
				"down": {"uv": [9.25, 1.25, 8.75, 2.5], "texture": "#4"}
			}
		},
		{
			"from": [11.24, 10.364, 5.57],
			"to": [12.86, 12.308, 5.732],
			"rotation": {"angle": 0, "axis": "y", "origin": [10.916, 10.364, 5.57]},
			"faces": {
				"north": {"uv": [3, 6, 4, 7.25], "texture": "#4"},
				"east": {"uv": [6, 7.5, 6.25, 8.75], "texture": "#4"},
				"south": {"uv": [6, 3, 7, 4.25], "texture": "#4"},
				"west": {"uv": [6.5, 7.5, 6.75, 8.75], "texture": "#4"},
				"up": {"uv": [9.5, 4.75, 8.5, 4.5], "texture": "#4"},
				"down": {"uv": [9.5, 5, 8.5, 5.25], "texture": "#4"}
			}
		},
		{
			"from": [2.816, 10.364, 5.732],
			"to": [3.14, 12.308, 9.944],
			"rotation": {"angle": 0, "axis": "y", "origin": [4.112, 10.364, 5.57]},
			"faces": {
				"north": {"uv": [7.5, 7, 7.75, 8.25], "texture": "#4"},
				"east": {"uv": [0, 3, 2.75, 4.25], "texture": "#4"},
				"south": {"uv": [8, 0, 8.25, 1.25], "texture": "#4"},
				"west": {"uv": [3, 3, 5.75, 4.25], "texture": "#4"},
				"up": {"uv": [7.25, 6.75, 7, 4], "texture": "#4"},
				"down": {"uv": [7.25, 7, 7, 9.75], "texture": "#4"}
			}
		},
		{
			"from": [4.76, 10.364, 5.408],
			"to": [7.028, 12.308, 5.57],
			"rotation": {"angle": 0, "axis": "y", "origin": [7.352, 10.364, 5.408]},
			"faces": {
				"north": {"uv": [0, 4.5, 1.5, 5.75], "texture": "#4"},
				"east": {"uv": [1, 8, 1.25, 9.25], "texture": "#4"},
				"south": {"uv": [1.5, 4.5, 3, 5.75], "texture": "#4"},
				"west": {"uv": [1.5, 8, 1.75, 9.25], "texture": "#4"},
				"up": {"uv": [2.5, 7.75, 1, 7.5], "texture": "#4"},
				"down": {"uv": [4, 7.5, 2.5, 7.75], "texture": "#4"}
			}
		},
		{
			"from": [3.14, 10.364, 5.57],
			"to": [4.76, 12.308, 5.732],
			"rotation": {"angle": 0, "axis": "y", "origin": [5.084, 10.364, 5.57]},
			"faces": {
				"north": {"uv": [4, 6, 5, 7.25], "texture": "#4"},
				"east": {"uv": [8, 1.5, 8.25, 2.75], "texture": "#4"},
				"south": {"uv": [6, 4.5, 7, 5.75], "texture": "#4"},
				"west": {"uv": [2, 8, 2.25, 9.25], "texture": "#4"},
				"up": {"uv": [9.5, 5.75, 8.5, 5.5], "texture": "#4"},
				"down": {"uv": [9.5, 7, 8.5, 7.25], "texture": "#4"}
			}
		},
		{
			"from": [11.24, 10.364, 9.944],
			"to": [12.86, 12.308, 10.106],
			"rotation": {"angle": 0, "axis": "y", "origin": [10.916, 10.364, 10.106]},
			"faces": {
				"north": {"uv": [5, 6, 6, 7.25], "texture": "#4"},
				"east": {"uv": [2.5, 8, 2.75, 9.25], "texture": "#4"},
				"south": {"uv": [6, 6, 7, 7.25], "texture": "#4"},
				"west": {"uv": [3, 8, 3.25, 9.25], "texture": "#4"},
				"up": {"uv": [8.5, 8.75, 7.5, 8.5], "texture": "#4"},
				"down": {"uv": [9.5, 7.5, 8.5, 7.75], "texture": "#4"}
			}
		},
		{
			"from": [4.76, 10.364, 10.106],
			"to": [11.24, 12.308, 10.268],
			"rotation": {"angle": 0, "axis": "y", "origin": [8.648, 10.364, 10.268]},
			"faces": {
				"north": {"uv": [0, 0, 4, 1.25], "texture": "#4"},
				"east": {"uv": [3.5, 8, 3.75, 9.25], "texture": "#4"},
				"south": {"uv": [0, 1.5, 4, 2.75], "texture": "#4"},
				"west": {"uv": [4, 8, 4.25, 9.25], "texture": "#4"},
				"up": {"uv": [11, 3.25, 7, 3], "texture": "#4"},
				"down": {"uv": [11, 3.5, 7, 3.75], "texture": "#4"}
			}
		},
		{
			"from": [3.14, 10.364, 9.944],
			"to": [4.76, 12.308, 10.106],
			"rotation": {"angle": 0, "axis": "y", "origin": [5.084, 10.364, 10.106]},
			"faces": {
				"north": {"uv": [7, 0, 8, 1.25], "texture": "#4"},
				"east": {"uv": [4.5, 8, 4.75, 9.25], "texture": "#4"},
				"south": {"uv": [7, 1.5, 8, 2.75], "texture": "#4"},
				"west": {"uv": [8, 4.5, 8.25, 5.75], "texture": "#4"},
				"up": {"uv": [9.5, 8.25, 8.5, 8], "texture": "#4"},
				"down": {"uv": [9.5, 8.5, 8.5, 8.75], "texture": "#4"}
			}
		},
		{
			"from": [8.972, 10.364, 5.408],
			"to": [11.24, 12.308, 5.57],
			"rotation": {"angle": 0, "axis": "y", "origin": [8.648, 10.364, 5.408]},
			"faces": {
				"north": {"uv": [3, 4.5, 4.5, 5.75], "texture": "#4"},
				"east": {"uv": [5, 8, 5.25, 9.25], "texture": "#4"},
				"south": {"uv": [4.5, 4.5, 6, 5.75], "texture": "#4"},
				"west": {"uv": [8, 7, 8.25, 8.25], "texture": "#4"},
				"up": {"uv": [5.5, 7.75, 4, 7.5], "texture": "#4"},
				"down": {"uv": [9, 4, 7.5, 4.25], "texture": "#4"}
			}
		},
		{
			"from": [12.86, 10.364, 5.732],
			"to": [13.184, 12.308, 9.944],
			"rotation": {"angle": 0, "axis": "y", "origin": [11.888, 10.364, 5.57]},
			"faces": {
				"north": {"uv": [8.5, 0, 8.75, 1.25], "texture": "#4"},
				"east": {"uv": [4, 0, 6.75, 1.25], "texture": "#4"},
				"south": {"uv": [8.5, 1.5, 8.75, 2.75], "texture": "#4"},
				"west": {"uv": [4, 1.5, 6.75, 2.75], "texture": "#4"},
				"up": {"uv": [0.25, 10.25, 0, 7.5], "texture": "#4"},
				"down": {"uv": [0.75, 7.5, 0.5, 10.25], "texture": "#4"}
			}
		},
		{
			"from": [12.25, 13.425, 6.75],
			"to": [14.75, 17.425, 9.25],
			"rotation": {"angle": 22.5, "axis": "z", "origin": [12.5, 15.425, 7]},
			"faces": {
				"north": {"uv": [3, 0, 4.25, 2], "texture": "#7"},
				"east": {"uv": [3, 2, 4.25, 4], "texture": "#7"},
				"south": {"uv": [0, 4, 1.25, 6], "texture": "#7"},
				"west": {"uv": [1.5, 4, 2.75, 6], "texture": "#7"},
				"up": {"uv": [5.75, 2.75, 4.5, 1.5], "texture": "#7"},
				"down": {"uv": [5.75, 3, 4.5, 4.25], "texture": "#7"}
			}
		},
		{
			"from": [14.5, 11.675, 6.75],
			"to": [17, 12.175, 9.25],
			"rotation": {"angle": 22.5, "axis": "z", "origin": [14.75, 10.175, 7]},
			"faces": {
				"north": {"uv": [7.5, 1, 8.75, 1.25], "texture": "#7"},
				"east": {"uv": [5.5, 7.5, 6.75, 7.75], "texture": "#7"},
				"south": {"uv": [7.5, 6, 8.75, 6.25], "texture": "#7"},
				"west": {"uv": [7.5, 6.5, 8.75, 6.75], "texture": "#7"},
				"up": {"uv": [5.75, 5.75, 4.5, 4.5], "texture": "#7"},
				"down": {"uv": [4.25, 5.5, 3, 6.75], "texture": "#7"}
			}
		},
		{
			"from": [15, 11.175, 7],
			"to": [17, 11.675, 9],
			"rotation": {"angle": 22.5, "axis": "z", "origin": [15, 9.675, 7]},
			"faces": {
				"north": {"uv": [2.5, 8, 3.5, 8.25], "texture": "#7"},
				"east": {"uv": [8, 2.5, 9, 2.75], "texture": "#7"},
				"south": {"uv": [8, 3, 9, 3.25], "texture": "#7"},
				"west": {"uv": [3.5, 8, 4.5, 8.25], "texture": "#7"},
				"up": {"uv": [3.5, 8, 2.5, 7], "texture": "#7"},
				"down": {"uv": [8, 3, 7, 4], "texture": "#7"}
			}
		},
		{
			"from": [16.175, 10.725, 7],
			"to": [17.175, 11.225, 9],
			"rotation": {"angle": 22.5, "axis": "z", "origin": [15.175, 9.225, 7]},
			"faces": {
				"north": {"uv": [0, 8.5, 0.5, 8.75], "texture": "#7"},
				"east": {"uv": [8, 3.5, 9, 3.75], "texture": "#7"},
				"south": {"uv": [8.5, 0, 9, 0.25], "texture": "#7"},
				"west": {"uv": [8, 4, 9, 4.25], "texture": "#7"},
				"up": {"uv": [3, 7, 2.5, 6], "texture": "#7"},
				"down": {"uv": [2.5, 7.5, 2, 8.5], "texture": "#7"}
			}
		},
		{
			"from": [13.75, 11.675, 7],
			"to": [15.75, 14.675, 9],
			"rotation": {"angle": 22.5, "axis": "z", "origin": [13.75, 12.675, 7]},
			"faces": {
				"north": {"uv": [1.5, 6, 2.5, 7.5], "texture": "#7"},
				"east": {"uv": [6, 1.5, 7, 3], "texture": "#7"},
				"south": {"uv": [6, 3, 7, 4.5], "texture": "#7"},
				"west": {"uv": [4.5, 6, 5.5, 7.5], "texture": "#7"},
				"up": {"uv": [4.5, 8, 3.5, 7], "texture": "#7"},
				"down": {"uv": [8, 4, 7, 5], "texture": "#7"}
			}
		},
		{
			"from": [1.25, 13.425, 6.75],
			"to": [3.75, 17.425, 9.25],
			"rotation": {"angle": -22.5, "axis": "z", "origin": [3.5, 15.425, 7]},
			"faces": {
				"north": {"uv": [0, 0, 1.25, 2], "texture": "#7"},
				"east": {"uv": [1.5, 0, 2.75, 2], "texture": "#7"},
				"south": {"uv": [0, 2, 1.25, 4], "texture": "#7"},
				"west": {"uv": [1.5, 2, 2.75, 4], "texture": "#7"},
				"up": {"uv": [4.25, 5.25, 3, 4], "texture": "#7"},
				"down": {"uv": [5.75, 0, 4.5, 1.25], "texture": "#7"}
			}
		},
		{
			"from": [-1, 11.675, 6.75],
			"to": [1.5, 12.175, 9.25],
			"rotation": {"angle": -22.5, "axis": "z", "origin": [1.25, 10.175, 7]},
			"faces": {
				"north": {"uv": [7, 7.5, 8.25, 7.75], "texture": "#7"},
				"east": {"uv": [7.5, 7, 8.75, 7.25], "texture": "#7"},
				"south": {"uv": [8, 1.5, 9.25, 1.75], "texture": "#7"},
				"west": {"uv": [8, 2, 9.25, 2.25], "texture": "#7"},
				"up": {"uv": [1.25, 7.25, 0, 6], "texture": "#7"},
				"down": {"uv": [7.25, 0, 6, 1.25], "texture": "#7"}
			}
		},
		{
			"from": [-1, 11.175, 7],
			"to": [1, 11.675, 9],
			"rotation": {"angle": -22.5, "axis": "z", "origin": [1, 9.675, 7]},
			"faces": {
				"north": {"uv": [8, 4.5, 9, 4.75], "texture": "#7"},
				"east": {"uv": [8, 5, 9, 5.25], "texture": "#7"},
				"south": {"uv": [5.5, 8, 6.5, 8.25], "texture": "#7"},
				"west": {"uv": [8, 5.5, 9, 5.75], "texture": "#7"},
				"up": {"uv": [8, 6, 7, 5], "texture": "#7"},
				"down": {"uv": [1, 7.5, 0, 8.5], "texture": "#7"}
			}
		},
		{
			"from": [-1.175, 10.725, 7],
			"to": [-0.175, 11.225, 9],
			"rotation": {"angle": -22.5, "axis": "z", "origin": [0.825, 9.225, 7]},
			"faces": {
				"north": {"uv": [0.5, 8.5, 1, 8.75], "texture": "#7"},
				"east": {"uv": [6.5, 8, 7.5, 8.25], "texture": "#7"},
				"south": {"uv": [8.5, 0.5, 9, 0.75], "texture": "#7"},
				"west": {"uv": [7.5, 8, 8.5, 8.25], "texture": "#7"},
				"up": {"uv": [5, 8.5, 4.5, 7.5], "texture": "#7"},
				"down": {"uv": [5.5, 7.5, 5, 8.5], "texture": "#7"}
			}
		},
		{
			"from": [0.25, 11.675, 7],
			"to": [2.25, 14.675, 9],
			"rotation": {"angle": -22.5, "axis": "z", "origin": [2.25, 12.675, 7]},
			"faces": {
				"north": {"uv": [6, 4.5, 7, 6], "texture": "#7"},
				"east": {"uv": [5.5, 6, 6.5, 7.5], "texture": "#7"},
				"south": {"uv": [6.5, 6, 7.5, 7.5], "texture": "#7"},
				"west": {"uv": [7, 1.5, 8, 3], "texture": "#7"},
				"up": {"uv": [8.5, 1, 7.5, 0], "texture": "#7"},
				"down": {"uv": [2, 7.5, 1, 8.5], "texture": "#7"}
			}
		}
	],
	"display": {
		"head": {
			"translation": [0, -53, 0],
			"scale": [2, 2, 2]
		}
	},
	"groups": [
		{
			"name": "Main",
			"origin": [8, 8, 8],
			"color": 0,
			"children": [
				{
					"name": "Legs",
					"origin": [14, 1, 7],
					"color": 0,
					"children": [
						{
							"name": "Leg-R",
							"origin": [14, 1, 7],
							"color": 0,
							"children": [0, 1, 2, 3, 4, 5, 6]
						},
						{
							"name": "Leg-L",
							"origin": [14, 1, 7],
							"color": 0,
							"children": [7, 8, 9, 10, 11, 12, 13]
						}
					]
				},
				{
					"name": "Chest-Top",
					"origin": [8, 8, 8],
					"color": 0,
					"children": [14, 15, 16, 17, 18, 19, 20, 21, 22, 23, 24, 25, 26, 27, 28, 29, 30, 31, 32, 33, 34]
				},
				{
					"name": "Head",
					"origin": [8, 8, 8],
					"color": 0,
					"children": [
						35,
						36,
						37,
						38,
						39,
						40,
						41,
						42,
						43,
						44,
						45,
						46,
						47,
						48,
						49,
						50,
						51,
						52,
						53,
						{
							"name": "Hat",
							"origin": [8, 8, 8],
							"color": 0,
							"children": [54, 55, 56, 57, 58, 59, 60, 61, 62]
						}
					]
				},
				{
					"name": "Belt",
					"origin": [8, 8, 8],
					"color": 0,
					"children": [63, 64, 65, 66, 67, 68, 69, 70, 71, 72, 73, 74]
				},
				{
					"name": "Chest-Bottom",
					"origin": [8, 8, 8],
					"color": 0,
					"children": [75, 76, 77, 78, 79, 80, 81, 82, 83, 84, 85]
				},
				{
					"name": "Arms",
					"origin": [8, 8, 8],
					"color": 0,
					"children": [
						{
							"name": "Left",
							"origin": [8, 8, 8],
							"color": 0,
							"children": [86, 87, 88, 89, 90]
						},
						{
							"name": "Right",
							"origin": [8, 8, 8],
							"color": 0,
							"children": [91, 92, 93, 94, 95]
						}
					]
				}
			]
		}
	]
}