{
	"credit": "Made with Blockbench",
	"texture_size": [128, 128],
	"textures": {
		"0": "item/custom/sleight/blades",
		"1": "item/custom/sleight/main",
		"particle": "item/custom/sleight/blades"
	},
	"elements": [
		{
			"from": [22, 6, -12],
			"to": [24, 8, -8],
			"rotation": {"angle": 0, "axis": "y", "origin": [22, 6, -25]},
			"faces": {
				"north": {"uv": [9, 1.5, 9.5, 2], "texture": "#0"},
				"east": {"uv": [5.25, 3.5, 6.25, 4], "texture": "#0"},
				"south": {"uv": [9.25, 2, 9.75, 2.5], "texture": "#0"},
				"west": {"uv": [2, 5.5, 3, 6], "texture": "#0"},
				"up": {"uv": [5.5, 6.5, 5, 5.5], "texture": "#0"},
				"down": {"uv": [6, 5.5, 5.5, 6.5], "texture": "#0"}
			}
		},
		{
			"from": [22, 3, -13],
			"to": [24, 7, -11],
			"rotation": {"angle": 0, "axis": "y", "origin": [22, 4, -27]},
			"faces": {
				"north": {"uv": [5.75, 2, 6.25, 3], "texture": "#0"},
				"east": {"uv": [6, 0, 6.5, 1], "texture": "#0"},
				"south": {"uv": [2, 6, 2.5, 7], "texture": "#0"},
				"west": {"uv": [2.5, 6, 3, 7], "texture": "#0"},
				"up": {"uv": [9.75, 3, 9.25, 2.5], "texture": "#0"},
				"down": {"uv": [9.75, 3, 9.25, 3.5], "texture": "#0"}
			}
		},
		{
			"from": [22, 5, -8],
			"to": [24, 7, -6],
			"rotation": {"angle": 0, "axis": "y", "origin": [22, 5, -21]},
			"faces": {
				"north": {"uv": [9.25, 3.5, 9.75, 4], "texture": "#0"},
				"east": {"uv": [9.25, 4, 9.75, 4.5], "texture": "#0"},
				"south": {"uv": [9.25, 4.5, 9.75, 5], "texture": "#0"},
				"west": {"uv": [0, 9.5, 0.5, 10], "texture": "#0"},
				"up": {"uv": [10, 0.5, 9.5, 0], "texture": "#0"},
				"down": {"uv": [1, 9.5, 0.5, 10], "texture": "#0"}
			}
		},
		{
			"from": [22, 2, -12],
			"to": [24, 4, -9],
			"rotation": {"angle": 0, "axis": "y", "origin": [22, 2, -25]},
			"faces": {
				"north": {"uv": [9.5, 0.5, 10, 1], "texture": "#0"},
				"east": {"uv": [5.5, 3, 6.25, 3.5], "texture": "#0"},
				"south": {"uv": [1, 9.5, 1.5, 10], "texture": "#0"},
				"west": {"uv": [7.5, 0, 8.25, 0.5], "texture": "#0"},
				"up": {"uv": [8, 1.25, 7.5, 0.5], "texture": "#0"},
				"down": {"uv": [8, 1.25, 7.5, 2], "texture": "#0"}
			}
		},
		{
			"from": [22, 1, -9],
			"to": [24, 3, -4],
			"rotation": {"angle": 0, "axis": "y", "origin": [22, 1, -20]},
			"faces": {
				"north": {"uv": [9.5, 1, 10, 1.5], "texture": "#0"},
				"east": {"uv": [2, 2, 3.25, 2.5], "texture": "#0"},
				"south": {"uv": [1.5, 9.5, 2, 10], "texture": "#0"},
				"west": {"uv": [2, 2.5, 3.25, 3], "texture": "#0"},
				"up": {"uv": [2.5, 4.25, 2, 3], "texture": "#0"},
				"down": {"uv": [3, 3, 2.5, 4.25], "texture": "#0"}
			}
		},
		{
			"from": [22, 1, 20],
			"to": [24, 3, 25],
			"rotation": {"angle": 0, "axis": "y", "origin": [22, 1, 9]},
			"faces": {
				"north": {"uv": [9.5, 1.5, 10, 2], "texture": "#0"},
				"east": {"uv": [3, 3, 4.25, 3.5], "texture": "#0"},
				"south": {"uv": [2, 9.5, 2.5, 10], "texture": "#0"},
				"west": {"uv": [3.25, 2, 4.5, 2.5], "texture": "#0"},
				"up": {"uv": [3.5, 4.75, 3, 3.5], "texture": "#0"},
				"down": {"uv": [4, 3.5, 3.5, 4.75], "texture": "#0"}
			}
		},
		{
			"from": [22, 2, 24],
			"to": [24, 4, 29],
			"rotation": {"angle": 0, "axis": "y", "origin": [22, 2, 13]},
			"faces": {
				"north": {"uv": [2.5, 9.5, 3, 10], "texture": "#0"},
				"east": {"uv": [3.25, 2.5, 4.5, 3], "texture": "#0"},
				"south": {"uv": [3, 9.5, 3.5, 10], "texture": "#0"},
				"west": {"uv": [4, 3.5, 5.25, 4], "texture": "#0"},
				"up": {"uv": [4.5, 5.25, 4, 4], "texture": "#0"},
				"down": {"uv": [2.5, 4.25, 2, 5.5], "texture": "#0"}
			}
		},
		{
			"from": [22, 0, -4],
			"to": [24, 2, 20],
			"rotation": {"angle": 0, "axis": "y", "origin": [22, 0, 0]},
			"faces": {
				"north": {"uv": [3.5, 9.5, 4, 10], "texture": "#0"},
				"east": {"uv": [0, 0, 6, 0.5], "texture": "#0"},
				"south": {"uv": [4.5, 9.5, 5, 10], "texture": "#0"},
				"west": {"uv": [0, 0.5, 6, 1], "texture": "#0"},
				"up": {"uv": [0.5, 7, 0, 1], "texture": "#0"},
				"down": {"uv": [1, 1, 0.5, 7], "texture": "#0"}
			}
		},
		{
			"from": [21, 2, 0],
			"to": [23, 5, 2],
			"rotation": {"angle": 0, "axis": "y", "origin": [21, 2, 0]},
			"faces": {
				"north": {"uv": [4, 7.5, 4.5, 8.25], "texture": "#0"},
				"east": {"uv": [4.5, 7.5, 5, 8.25], "texture": "#0"},
				"south": {"uv": [5, 7.5, 5.5, 8.25], "texture": "#0"},
				"west": {"uv": [7.5, 5, 8, 5.75], "texture": "#0"},
				"up": {"uv": [10, 5.5, 9.5, 5], "texture": "#0"},
				"down": {"uv": [6, 9.5, 5.5, 10], "texture": "#0"}
			}
		},
		{
			"from": [19, 6, 14],
			"to": [21, 9, 16],
			"rotation": {"angle": 0, "axis": "y", "origin": [19, 6, 14]},
			"faces": {
				"north": {"uv": [5.5, 7.5, 6, 8.25], "texture": "#0"},
				"east": {"uv": [7.5, 5.75, 8, 6.5], "texture": "#0"},
				"south": {"uv": [7.5, 6.5, 8, 7.25], "texture": "#0"},
				"west": {"uv": [7, 7.5, 7.5, 8.25], "texture": "#0"},
				"up": {"uv": [10, 6, 9.5, 5.5], "texture": "#0"},
				"down": {"uv": [6.5, 9.5, 6, 10], "texture": "#0"}
			}
		},
		{
			"from": [21, 2, 7],
			"to": [23, 5, 9],
			"rotation": {"angle": 0, "axis": "y", "origin": [21, 2, 7]},
			"faces": {
				"north": {"uv": [7.5, 7.25, 8, 8], "texture": "#0"},
				"east": {"uv": [7.75, 2, 8.25, 2.75], "texture": "#0"},
				"south": {"uv": [7.75, 2.75, 8.25, 3.5], "texture": "#0"},
				"west": {"uv": [7.75, 3.5, 8.25, 4.25], "texture": "#0"},
				"up": {"uv": [10, 6.5, 9.5, 6], "texture": "#0"},
				"down": {"uv": [10, 6.5, 9.5, 7], "texture": "#0"}
			}
		},
		{
			"from": [21, 2, 14],
			"to": [23, 5, 16],
			"rotation": {"angle": 0, "axis": "y", "origin": [21, 2, 14]},
			"faces": {
				"north": {"uv": [7.75, 4.25, 8.25, 5], "texture": "#0"},
				"east": {"uv": [0, 8, 0.5, 8.75], "texture": "#0"},
				"south": {"uv": [0.5, 8, 1, 8.75], "texture": "#0"},
				"west": {"uv": [8, 0.5, 8.5, 1.25], "texture": "#0"},
				"up": {"uv": [10, 7.5, 9.5, 7], "texture": "#0"},
				"down": {"uv": [7.75, 9.5, 7.25, 10], "texture": "#0"}
			}
		},
		{
			"from": [20, 4, 0],
			"to": [22, 7, 2],
			"rotation": {"angle": 0, "axis": "y", "origin": [20, 4, 0]},
			"faces": {
				"north": {"uv": [1, 8, 1.5, 8.75], "texture": "#0"},
				"east": {"uv": [8, 1.25, 8.5, 2], "texture": "#0"},
				"south": {"uv": [1.5, 8, 2, 8.75], "texture": "#0"},
				"west": {"uv": [2, 8, 2.5, 8.75], "texture": "#0"},
				"up": {"uv": [10, 8, 9.5, 7.5], "texture": "#0"},
				"down": {"uv": [8.25, 9.5, 7.75, 10], "texture": "#0"}
			}
		},
		{
			"from": [20, 4, 7],
			"to": [22, 7, 9],
			"rotation": {"angle": 0, "axis": "y", "origin": [20, 4, 7]},
			"faces": {
				"north": {"uv": [2.5, 8, 3, 8.75], "texture": "#0"},
				"east": {"uv": [3, 8, 3.5, 8.75], "texture": "#0"},
				"south": {"uv": [3.5, 8, 4, 8.75], "texture": "#0"},
				"west": {"uv": [8, 5, 8.5, 5.75], "texture": "#0"},
				"up": {"uv": [10, 8.5, 9.5, 8], "texture": "#0"},
				"down": {"uv": [8.75, 9.5, 8.25, 10], "texture": "#0"}
			}
		},
		{
			"from": [20, 4, 14],
			"to": [22, 7, 16],
			"rotation": {"angle": 0, "axis": "y", "origin": [20, 4, 14]},
			"faces": {
				"north": {"uv": [8, 5.75, 8.5, 6.5], "texture": "#0"},
				"east": {"uv": [6, 8, 6.5, 8.75], "texture": "#0"},
				"south": {"uv": [6.5, 8, 7, 8.75], "texture": "#0"},
				"west": {"uv": [8, 6.5, 8.5, 7.25], "texture": "#0"},
				"up": {"uv": [10, 9, 9.5, 8.5], "texture": "#0"},
				"down": {"uv": [9.25, 9.5, 8.75, 10], "texture": "#0"}
			}
		},
		{
			"from": [19, 6, 0],
			"to": [21, 10, 2],
			"rotation": {"angle": 0, "axis": "y", "origin": [19, 6, 0]},
			"faces": {
				"north": {"uv": [3, 6, 3.5, 7], "texture": "#0"},
				"east": {"uv": [3.5, 6, 4, 7], "texture": "#0"},
				"south": {"uv": [6, 5.5, 6.5, 6.5], "texture": "#0"},
				"west": {"uv": [6.25, 2, 6.75, 3], "texture": "#0"},
				"up": {"uv": [10, 9.5, 9.5, 9], "texture": "#0"},
				"down": {"uv": [9.75, 9.5, 9.25, 10], "texture": "#0"}
			}
		},
		{
			"from": [19, 6, 7],
			"to": [21, 10, 9],
			"rotation": {"angle": 0, "axis": "y", "origin": [19, 6, 7]},
			"faces": {
				"north": {"uv": [6.25, 3, 6.75, 4], "texture": "#0"},
				"east": {"uv": [6.25, 4, 6.75, 5], "texture": "#0"},
				"south": {"uv": [6.5, 0, 7, 1], "texture": "#0"},
				"west": {"uv": [4, 6.5, 4.5, 7.5], "texture": "#0"},
				"up": {"uv": [10.25, 2.5, 9.75, 2], "texture": "#0"},
				"down": {"uv": [10.25, 2.5, 9.75, 3], "texture": "#0"}
			}
		},
		{
			"from": [19, 6, 14],
			"to": [21, 10, 16],
			"rotation": {"angle": 0, "axis": "y", "origin": [19, 6, 14]},
			"faces": {
				"north": {"uv": [4.5, 6.5, 5, 7.5], "texture": "#0"},
				"east": {"uv": [5, 6.5, 5.5, 7.5], "texture": "#0"},
				"south": {"uv": [6.5, 5, 7, 6], "texture": "#0"},
				"west": {"uv": [5.5, 6.5, 6, 7.5], "texture": "#0"},
				"up": {"uv": [10.25, 3.5, 9.75, 3], "texture": "#0"},
				"down": {"uv": [10.25, 3.5, 9.75, 4], "texture": "#0"}
			}
		},
		{
			"from": [19, 6, 0],
			"to": [21, 9, 2],
			"rotation": {"angle": 0, "axis": "y", "origin": [19, 6, 0]},
			"faces": {
				"north": {"uv": [8, 7.25, 8.5, 8], "texture": "#0"},
				"east": {"uv": [7.5, 8, 8, 8.75], "texture": "#0"},
				"south": {"uv": [8, 8, 8.5, 8.75], "texture": "#0"},
				"west": {"uv": [8.25, 2, 8.75, 2.75], "texture": "#0"},
				"up": {"uv": [4.5, 10.25, 4, 9.75], "texture": "#0"},
				"down": {"uv": [10.25, 4, 9.75, 4.5], "texture": "#0"}
			}
		},
		{
			"from": [19, 6, 7],
			"to": [21, 9, 9],
			"rotation": {"angle": 0, "axis": "y", "origin": [19, 6, 7]},
			"faces": {
				"north": {"uv": [8.25, 2.75, 8.75, 3.5], "texture": "#0"},
				"east": {"uv": [8.25, 3.5, 8.75, 4.25], "texture": "#0"},
				"south": {"uv": [4, 8.25, 4.5, 9], "texture": "#0"},
				"west": {"uv": [8.25, 4.25, 8.75, 5], "texture": "#0"},
				"up": {"uv": [10.25, 5, 9.75, 4.5], "texture": "#0"},
				"down": {"uv": [5.5, 9.75, 5, 10.25], "texture": "#0"}
			}
		},
		{
			"from": [-8, 6, -12],
			"to": [-6, 8, -8],
			"rotation": {"angle": 0, "axis": "y", "origin": [-8, 6, -25]},
			"faces": {
				"north": {"uv": [6.5, 9.75, 7, 10.25], "texture": "#0"},
				"east": {"uv": [6, 6.5, 7, 7], "texture": "#0"},
				"south": {"uv": [9.75, 9.5, 10.25, 10], "texture": "#0"},
				"west": {"uv": [6.5, 6, 7.5, 6.5], "texture": "#0"},
				"up": {"uv": [7.25, 3, 6.75, 2], "texture": "#0"},
				"down": {"uv": [7.25, 3, 6.75, 4], "texture": "#0"}
			}
		},
		{
			"from": [-8, 3, -13],
			"to": [-6, 7, -11],
			"rotation": {"angle": 0, "axis": "y", "origin": [-8, 4, -27]},
			"faces": {
				"north": {"uv": [6.75, 4, 7.25, 5], "texture": "#0"},
				"east": {"uv": [0, 7, 0.5, 8], "texture": "#0"},
				"south": {"uv": [7, 0, 7.5, 1], "texture": "#0"},
				"west": {"uv": [0.5, 7, 1, 8], "texture": "#0"},
				"up": {"uv": [0.5, 10.5, 0, 10], "texture": "#0"},
				"down": {"uv": [10.5, 0, 10, 0.5], "texture": "#0"}
			}
		},
		{
			"from": [-8, 5, -8],
			"to": [-6, 7, -6],
			"rotation": {"angle": 0, "axis": "y", "origin": [-8, 5, -21]},
			"faces": {
				"north": {"uv": [0.5, 10, 1, 10.5], "texture": "#0"},
				"east": {"uv": [10, 0.5, 10.5, 1], "texture": "#0"},
				"south": {"uv": [1, 10, 1.5, 10.5], "texture": "#0"},
				"west": {"uv": [10, 1, 10.5, 1.5], "texture": "#0"},
				"up": {"uv": [2, 10.5, 1.5, 10], "texture": "#0"},
				"down": {"uv": [10.5, 1.5, 10, 2], "texture": "#0"}
			}
		},
		{
			"from": [-8, 2, -12],
			"to": [-6, 4, -9],
			"rotation": {"angle": 0, "axis": "y", "origin": [-8, 2, -25]},
			"faces": {
				"north": {"uv": [2, 10, 2.5, 10.5], "texture": "#0"},
				"east": {"uv": [8.25, 0, 9, 0.5], "texture": "#0"},
				"south": {"uv": [2.5, 10, 3, 10.5], "texture": "#0"},
				"west": {"uv": [4.5, 8.25, 5.25, 8.75], "texture": "#0"},
				"up": {"uv": [5.75, 9, 5.25, 8.25], "texture": "#0"},
				"down": {"uv": [7.5, 8.25, 7, 9], "texture": "#0"}
			}
		},
		{
			"from": [-8, 1, -9],
			"to": [-6, 3, -4],
			"rotation": {"angle": 0, "axis": "y", "origin": [-8, 1, -20]},
			"faces": {
				"north": {"uv": [3, 10, 3.5, 10.5], "texture": "#0"},
				"east": {"uv": [4.25, 3, 5.5, 3.5], "texture": "#0"},
				"south": {"uv": [3.5, 10, 4, 10.5], "texture": "#0"},
				"west": {"uv": [4.5, 2, 5.75, 2.5], "texture": "#0"},
				"up": {"uv": [3, 5.5, 2.5, 4.25], "texture": "#0"},
				"down": {"uv": [5, 4, 4.5, 5.25], "texture": "#0"}
			}
		},
		{
			"from": [-8, 1, 20],
			"to": [-6, 3, 25],
			"rotation": {"angle": 0, "axis": "y", "origin": [-8, 1, 9]},
			"faces": {
				"north": {"uv": [4.5, 10, 5, 10.5], "texture": "#0"},
				"east": {"uv": [4.5, 2.5, 5.75, 3], "texture": "#0"},
				"south": {"uv": [10, 5, 10.5, 5.5], "texture": "#0"},
				"west": {"uv": [5, 4, 6.25, 4.5], "texture": "#0"},
				"up": {"uv": [3.5, 6, 3, 4.75], "texture": "#0"},
				"down": {"uv": [4, 4.75, 3.5, 6], "texture": "#0"}
			}
		},
		{
			"from": [-8, 2, 24],
			"to": [-6, 4, 29],
			"rotation": {"angle": 0, "axis": "y", "origin": [-8, 2, 13]},
			"faces": {
				"north": {"uv": [5.5, 10, 6, 10.5], "texture": "#0"},
				"east": {"uv": [5, 4.5, 6.25, 5], "texture": "#0"},
				"south": {"uv": [10, 5.5, 10.5, 6], "texture": "#0"},
				"west": {"uv": [5, 5, 6.25, 5.5], "texture": "#0"},
				"up": {"uv": [4.5, 6.5, 4, 5.25], "texture": "#0"},
				"down": {"uv": [5, 5.25, 4.5, 6.5], "texture": "#0"}
			}
		},
		{
			"from": [-8, 0, -4],
			"to": [-6, 2, 20],
			"rotation": {"angle": 0, "axis": "y", "origin": [-8, 0, 0]},
			"faces": {
				"north": {"uv": [6, 10, 6.5, 10.5], "texture": "#0"},
				"east": {"uv": [1, 1, 7, 1.5], "texture": "#0"},
				"south": {"uv": [11.625, 6.5, 12.125, 7], "texture": "#0"},
				"west": {"uv": [1, 1.5, 7, 2], "texture": "#0"},
				"up": {"uv": [1.5, 8, 1, 2], "texture": "#0"},
				"down": {"uv": [2, 2, 1.5, 8], "texture": "#0"}
			}
		},
		{
			"from": [-7, 2, 0],
			"to": [-5, 5, 2],
			"rotation": {"angle": 0, "axis": "y", "origin": [-5, 2, 0]},
			"faces": {
				"north": {"uv": [8.5, 0.5, 9, 1.25], "texture": "#0"},
				"east": {"uv": [8.5, 1.25, 9, 2], "texture": "#0"},
				"south": {"uv": [8.5, 5, 9, 5.75], "texture": "#0"},
				"west": {"uv": [8.5, 5.75, 9, 6.5], "texture": "#0"},
				"up": {"uv": [10.5, 7, 10, 6.5], "texture": "#0"},
				"down": {"uv": [7.5, 10, 7, 10.5], "texture": "#0"}
			}
		},
		{
			"from": [-5, 6, 14],
			"to": [-3, 9, 16],
			"rotation": {"angle": 0, "axis": "y", "origin": [-3, 6, 14]},
			"faces": {
				"north": {"uv": [8.5, 6.5, 9, 7.25], "texture": "#0"},
				"east": {"uv": [8.5, 7.25, 9, 8], "texture": "#0"},
				"south": {"uv": [8.5, 8, 9, 8.75], "texture": "#0"},
				"west": {"uv": [0, 8.75, 0.5, 9.5], "texture": "#0"},
				"up": {"uv": [10.5, 7.5, 10, 7], "texture": "#0"},
				"down": {"uv": [8, 10, 7.5, 10.5], "texture": "#0"}
			}
		},
		{
			"from": [-7, 2, 7],
			"to": [-5, 5, 9],
			"rotation": {"angle": 0, "axis": "y", "origin": [-5, 2, 7]},
			"faces": {
				"north": {"uv": [0.5, 8.75, 1, 9.5], "texture": "#0"},
				"east": {"uv": [1, 8.75, 1.5, 9.5], "texture": "#0"},
				"south": {"uv": [1.5, 8.75, 2, 9.5], "texture": "#0"},
				"west": {"uv": [2, 8.75, 2.5, 9.5], "texture": "#0"},
				"up": {"uv": [10.5, 8, 10, 7.5], "texture": "#0"},
				"down": {"uv": [8.5, 10, 8, 10.5], "texture": "#0"}
			}
		},
		{
			"from": [-7, 2, 14],
			"to": [-5, 5, 16],
			"rotation": {"angle": 0, "axis": "y", "origin": [-5, 2, 14]},
			"faces": {
				"north": {"uv": [8.75, 2, 9.25, 2.75], "texture": "#0"},
				"east": {"uv": [2.5, 8.75, 3, 9.5], "texture": "#0"},
				"south": {"uv": [8.75, 2.75, 9.25, 3.5], "texture": "#0"},
				"west": {"uv": [3, 8.75, 3.5, 9.5], "texture": "#0"},
				"up": {"uv": [10.5, 8.5, 10, 8], "texture": "#0"},
				"down": {"uv": [9, 10, 8.5, 10.5], "texture": "#0"}
			}
		},
		{
			"from": [-6, 4, 0],
			"to": [-4, 7, 2],
			"rotation": {"angle": 0, "axis": "y", "origin": [-4, 4, 0]},
			"faces": {
				"north": {"uv": [3.5, 8.75, 4, 9.5], "texture": "#0"},
				"east": {"uv": [8.75, 3.5, 9.25, 4.25], "texture": "#0"},
				"south": {"uv": [8.75, 4.25, 9.25, 5], "texture": "#0"},
				"west": {"uv": [4.5, 8.75, 5, 9.5], "texture": "#0"},
				"up": {"uv": [10.5, 9, 10, 8.5], "texture": "#0"},
				"down": {"uv": [9.5, 10, 9, 10.5], "texture": "#0"}
			}
		},
		{
			"from": [-6, 4, 7],
			"to": [-4, 7, 9],
			"rotation": {"angle": 0, "axis": "y", "origin": [-4, 4, 7]},
			"faces": {
				"north": {"uv": [5.75, 8.75, 6.25, 9.5], "texture": "#0"},
				"east": {"uv": [6.25, 8.75, 6.75, 9.5], "texture": "#0"},
				"south": {"uv": [7.5, 8.75, 8, 9.5], "texture": "#0"},
				"west": {"uv": [8, 8.75, 8.5, 9.5], "texture": "#0"},
				"up": {"uv": [10.5, 9.5, 10, 9], "texture": "#0"},
				"down": {"uv": [10, 10, 9.5, 10.5], "texture": "#0"}
			}
		},
		{
			"from": [-6, 4, 14],
			"to": [-4, 7, 16],
			"rotation": {"angle": 0, "axis": "y", "origin": [-4, 4, 14]},
			"faces": {
				"north": {"uv": [8.5, 8.75, 9, 9.5], "texture": "#0"},
				"east": {"uv": [9, 0, 9.5, 0.75], "texture": "#0"},
				"south": {"uv": [9, 0.75, 9.5, 1.5], "texture": "#0"},
				"west": {"uv": [4, 9, 4.5, 9.75], "texture": "#0"},
				"up": {"uv": [10.5, 10.5, 10, 10], "texture": "#0"},
				"down": {"uv": [10.75, 2, 10.25, 2.5], "texture": "#0"}
			}
		},
		{
			"from": [-5, 6, 0],
			"to": [-3, 10, 2],
			"rotation": {"angle": 0, "axis": "y", "origin": [-3, 6, 0]},
			"faces": {
				"north": {"uv": [7, 1, 7.5, 2], "texture": "#0"},
				"east": {"uv": [2, 7, 2.5, 8], "texture": "#0"},
				"south": {"uv": [2.5, 7, 3, 8], "texture": "#0"},
				"west": {"uv": [3, 7, 3.5, 8], "texture": "#0"},
				"up": {"uv": [10.75, 3, 10.25, 2.5], "texture": "#0"},
				"down": {"uv": [10.75, 3, 10.25, 3.5], "texture": "#0"}
			}
		},
		{
			"from": [-5, 6, 7],
			"to": [-3, 10, 9],
			"rotation": {"angle": 0, "axis": "y", "origin": [-3, 6, 7]},
			"faces": {
				"north": {"uv": [3.5, 7, 4, 8], "texture": "#0"},
				"east": {"uv": [7, 5, 7.5, 6], "texture": "#0"},
				"south": {"uv": [6, 7, 6.5, 8], "texture": "#0"},
				"west": {"uv": [6.5, 7, 7, 8], "texture": "#0"},
				"up": {"uv": [10.75, 4, 10.25, 3.5], "texture": "#0"},
				"down": {"uv": [4.5, 10.25, 4, 10.75], "texture": "#0"}
			}
		},
		{
			"from": [-5, 6, 14],
			"to": [-3, 10, 16],
			"rotation": {"angle": 0, "axis": "y", "origin": [-3, 6, 14]},
			"faces": {
				"north": {"uv": [7, 6.5, 7.5, 7.5], "texture": "#0"},
				"east": {"uv": [7.25, 2, 7.75, 3], "texture": "#0"},
				"south": {"uv": [7.25, 3, 7.75, 4], "texture": "#0"},
				"west": {"uv": [7.25, 4, 7.75, 5], "texture": "#0"},
				"up": {"uv": [10.75, 4.5, 10.25, 4], "texture": "#0"},
				"down": {"uv": [10.75, 4.5, 10.25, 5], "texture": "#0"}
			}
		},
		{
			"from": [-5, 6, 0],
			"to": [-3, 9, 2],
			"rotation": {"angle": 0, "axis": "y", "origin": [-3, 6, 0]},
			"faces": {
				"north": {"uv": [5, 9, 5.5, 9.75], "texture": "#0"},
				"east": {"uv": [9, 5, 9.5, 5.75], "texture": "#0"},
				"south": {"uv": [9, 5.75, 9.5, 6.5], "texture": "#0"},
				"west": {"uv": [9, 6.5, 9.5, 7.25], "texture": "#0"},
				"up": {"uv": [5.5, 10.75, 5, 10.25], "texture": "#0"},
				"down": {"uv": [7, 10.25, 6.5, 10.75], "texture": "#0"}
			}
		},
		{
			"from": [-5, 6, 7],
			"to": [-3, 9, 9],
			"rotation": {"angle": 0, "axis": "y", "origin": [-3, 6, 7]},
			"faces": {
				"north": {"uv": [6.75, 9, 7.25, 9.75], "texture": "#0"},
				"east": {"uv": [9, 7.25, 9.5, 8], "texture": "#0"},
				"south": {"uv": [9, 8, 9.5, 8.75], "texture": "#0"},
				"west": {"uv": [9, 8.75, 9.5, 9.5], "texture": "#0"},
				"up": {"uv": [10.75, 10, 10.25, 9.5], "texture": "#0"},
				"down": {"uv": [0.5, 10.5, 0, 11], "texture": "#0"}
			}
		},
		{
			"from": [-7, 12, 0],
			"to": [-5, 15, 16],
			"rotation": {"angle": 0, "axis": "y", "origin": [-7, 12, 0]},
			"faces": {
				"north": {"uv": [8.625, 9.625, 8.875, 9.75], "texture": "#1"},
				"east": {"uv": [7.25, 9.125, 9.25, 9.25], "texture": "#1"},
				"south": {"uv": [8.875, 9.625, 9.125, 9.75], "texture": "#1"},
				"west": {"uv": [7.25, 9.25, 9.25, 9.375], "texture": "#1"},
				"up": {"uv": [2.5, 10.375, 2.25, 8.375], "texture": "#1"},
				"down": {"uv": [2.75, 8.375, 2.5, 10.375], "texture": "#1"}
			}
		},
		{
			"from": [-7, 13, -4],
			"to": [-5, 16, 21],
			"rotation": {"angle": 0, "axis": "y", "origin": [-7, 13, 0]},
			"faces": {
				"north": {"uv": [10.25, 10, 10.5, 10.125], "texture": "#1"},
				"east": {"uv": [8.75, 7.5, 11.875, 7.625], "texture": "#1"},
				"south": {"uv": [10.25, 10.125, 10.5, 10.25], "texture": "#1"},
				"west": {"uv": [8.75, 7.625, 11.875, 7.75], "texture": "#1"},
				"up": {"uv": [5.5, 11.375, 5.25, 8.25], "texture": "#1"},
				"down": {"uv": [5.75, 8.25, 5.5, 11.375], "texture": "#1"}
			}
		},
		{
			"from": [-7, 14, -5],
			"to": [-5, 19, 24],
			"rotation": {"angle": 0, "axis": "y", "origin": [-7, 14, 0]},
			"faces": {
				"north": {"uv": [10, 9.875, 10.25, 10.25], "texture": "#1"},
				"east": {"uv": [0, 6.25, 3.625, 6.625], "texture": "#1"},
				"south": {"uv": [7.25, 10.125, 7.5, 10.5], "texture": "#1"},
				"west": {"uv": [3.625, 6.25, 7.25, 6.625], "texture": "#1"},
				"up": {"uv": [4.5, 10.625, 4.25, 7], "texture": "#1"},
				"down": {"uv": [4.75, 7, 4.5, 10.625], "texture": "#1"}
			}
		},
		{
			"from": [-7, 17, -6],
			"to": [-5, 20, 25],
			"rotation": {"angle": 0, "axis": "y", "origin": [-7, 17, 0]},
			"faces": {
				"north": {"uv": [10.25, 10.25, 10.5, 10.375], "texture": "#1"},
				"east": {"uv": [7.25, 5.625, 11.125, 5.75], "texture": "#1"},
				"south": {"uv": [2, 10.375, 2.25, 10.5], "texture": "#1"},
				"west": {"uv": [7.25, 8.5, 11.125, 8.625], "texture": "#1"},
				"up": {"uv": [7.25, 5.75, 7, 1.875], "texture": "#1"},
				"down": {"uv": [3.75, 7, 3.5, 10.875], "texture": "#1"}
			}
		},
		{
			"from": [-7, 18, 3],
			"to": [-5, 21, 25],
			"rotation": {"angle": 0, "axis": "y", "origin": [-7, 18, 0]},
			"faces": {
				"north": {"uv": [2.25, 10.375, 2.5, 10.5], "texture": "#1"},
				"east": {"uv": [8.75, 8, 11.5, 8.125], "texture": "#1"},
				"south": {"uv": [2.5, 10.375, 2.75, 10.5], "texture": "#1"},
				"west": {"uv": [8.75, 8.125, 11.5, 8.25], "texture": "#1"},
				"up": {"uv": [6.5, 11, 6.25, 8.25], "texture": "#1"},
				"down": {"uv": [6.75, 8.25, 6.5, 11], "texture": "#1"}
			}
		},
		{
			"from": [-7, 19, 10],
			"to": [-5, 22, 25],
			"rotation": {"angle": 0, "axis": "y", "origin": [-7, 19, 0]},
			"faces": {
				"north": {"uv": [2.75, 10.375, 3, 10.5], "texture": "#1"},
				"east": {"uv": [7.25, 9.375, 9.125, 9.5], "texture": "#1"},
				"south": {"uv": [3, 10.375, 3.25, 10.5], "texture": "#1"},
				"west": {"uv": [9.125, 9.375, 11, 9.5], "texture": "#1"},
				"up": {"uv": [3.5, 10.25, 3.25, 8.375], "texture": "#1"},
				"down": {"uv": [0.25, 8.625, 0, 10.5], "texture": "#1"}
			}
		},
		{
			"from": [-7, 20, 16],
			"to": [-5, 23, 26],
			"rotation": {"angle": 0, "axis": "y", "origin": [-7, 20, 0]},
			"faces": {
				"north": {"uv": [8.5, 10.375, 8.75, 10.5], "texture": "#1"},
				"east": {"uv": [9.5, 8.375, 10.75, 8.5], "texture": "#1"},
				"south": {"uv": [10.375, 8.875, 10.625, 9], "texture": "#1"},
				"west": {"uv": [8, 9.75, 9.25, 9.875], "texture": "#1"},
				"up": {"uv": [1, 9.875, 0.75, 8.625], "texture": "#1"},
				"down": {"uv": [1.25, 8.625, 1, 9.875], "texture": "#1"}
			}
		},
		{
			"from": [-7, 21, 21],
			"to": [-5, 24, 26],
			"rotation": {"angle": 0, "axis": "y", "origin": [-7, 21, 0]},
			"faces": {
				"north": {"uv": [10.375, 9, 10.625, 9.125], "texture": "#1"},
				"east": {"uv": [8, 9.625, 8.625, 9.75], "texture": "#1"},
				"south": {"uv": [9.25, 10.375, 9.5, 10.5], "texture": "#1"},
				"west": {"uv": [10.25, 9.5, 10.875, 9.625], "texture": "#1"},
				"up": {"uv": [2, 9.25, 1.75, 8.625], "texture": "#1"},
				"down": {"uv": [2.25, 8.625, 2, 9.25], "texture": "#1"}
			}
		},
		{
			"from": [21, 12, 0],
			"to": [23, 15, 16],
			"rotation": {"angle": 0, "axis": "y", "origin": [21, 12, 0]},
			"faces": {
				"north": {"uv": [9.5, 10.375, 9.75, 10.5], "texture": "#1"},
				"east": {"uv": [9.25, 9.125, 11.25, 9.25], "texture": "#1"},
				"south": {"uv": [9.75, 10.375, 10, 10.5], "texture": "#1"},
				"west": {"uv": [9.25, 9.25, 11.25, 9.375], "texture": "#1"},
				"up": {"uv": [3, 10.375, 2.75, 8.375], "texture": "#1"},
				"down": {"uv": [3.25, 8.375, 3, 10.375], "texture": "#1"}
			}
		},
		{
			"from": [21, 13, -4],
			"to": [23, 16, 21],
			"rotation": {"angle": 0, "axis": "y", "origin": [21, 13, 0]},
			"faces": {
				"north": {"uv": [10.25, 10.375, 10.5, 10.5], "texture": "#1"},
				"east": {"uv": [8.75, 7.75, 11.875, 7.875], "texture": "#1"},
				"south": {"uv": [0, 10.5, 0.25, 10.625], "texture": "#1"},
				"west": {"uv": [8.75, 7.875, 11.875, 8], "texture": "#1"},
				"up": {"uv": [6, 11.375, 5.75, 8.25], "texture": "#1"},
				"down": {"uv": [6.25, 8.25, 6, 11.375], "texture": "#1"}
			}
		},
		{
			"from": [21, 14, -5],
			"to": [23, 19, 24],
			"rotation": {"angle": 0, "axis": "y", "origin": [21, 14, 0]},
			"faces": {
				"north": {"uv": [7.5, 10.125, 7.75, 10.5], "texture": "#1"},
				"east": {"uv": [0, 6.625, 3.625, 7], "texture": "#1"},
				"south": {"uv": [7.75, 10.125, 8, 10.5], "texture": "#1"},
				"west": {"uv": [3.625, 6.625, 7.25, 7], "texture": "#1"},
				"up": {"uv": [5, 10.625, 4.75, 7], "texture": "#1"},
				"down": {"uv": [5.25, 7, 5, 10.625], "texture": "#1"}
			}
		},
		{
			"from": [21, 17, -6],
			"to": [23, 20, 25],
			"rotation": {"angle": 0, "axis": "y", "origin": [21, 17, 0]},
			"faces": {
				"north": {"uv": [10.5, 0, 10.75, 0.125], "texture": "#1"},
				"east": {"uv": [7.25, 8.625, 11.125, 8.75], "texture": "#1"},
				"south": {"uv": [10.5, 0.125, 10.75, 0.25], "texture": "#1"},
				"west": {"uv": [8.75, 7, 12.625, 7.125], "texture": "#1"},
				"up": {"uv": [4, 10.875, 3.75, 7], "texture": "#1"},
				"down": {"uv": [4.25, 7, 4, 10.875], "texture": "#1"}
			}
		},
		{
			"from": [21, 18, 3],
			"to": [23, 21, 25],
			"rotation": {"angle": 0, "axis": "y", "origin": [21, 18, 0]},
			"faces": {
				"north": {"uv": [0.25, 10.5, 0.5, 10.625], "texture": "#1"},
				"east": {"uv": [7.25, 8.875, 10, 9], "texture": "#1"},
				"south": {"uv": [10.5, 0.25, 10.75, 0.375], "texture": "#1"},
				"west": {"uv": [7.25, 9, 10, 9.125], "texture": "#1"},
				"up": {"uv": [7, 11, 6.75, 8.25], "texture": "#1"},
				"down": {"uv": [7.25, 8.25, 7, 11], "texture": "#1"}
			}
		},
		{
			"from": [21, 19, 10],
			"to": [23, 22, 25],
			"rotation": {"angle": 0, "axis": "y", "origin": [21, 19, 0]},
			"faces": {
				"north": {"uv": [10.5, 0.375, 10.75, 0.5], "texture": "#1"},
				"east": {"uv": [7.25, 9.5, 9.125, 9.625], "texture": "#1"},
				"south": {"uv": [0.5, 10.5, 0.75, 10.625], "texture": "#1"},
				"west": {"uv": [9.5, 8.25, 11.375, 8.375], "texture": "#1"},
				"up": {"uv": [0.5, 10.5, 0.25, 8.625], "texture": "#1"},
				"down": {"uv": [0.75, 8.625, 0.5, 10.5], "texture": "#1"}
			}
		},
		{
			"from": [21, 20, 16],
			"to": [23, 23, 26],
			"rotation": {"angle": 0, "axis": "y", "origin": [21, 20, 0]},
			"faces": {
				"north": {"uv": [10.5, 0.5, 10.75, 0.625], "texture": "#1"},
				"east": {"uv": [9.25, 9.75, 10.5, 9.875], "texture": "#1"},
				"south": {"uv": [10.5, 0.625, 10.75, 0.75], "texture": "#1"},
				"west": {"uv": [0.75, 9.875, 2, 10], "texture": "#1"},
				"up": {"uv": [1.5, 9.875, 1.25, 8.625], "texture": "#1"},
				"down": {"uv": [1.75, 8.625, 1.5, 9.875], "texture": "#1"}
			}
		},
		{
			"from": [21, 21, 21],
			"to": [23, 24, 26],
			"rotation": {"angle": 0, "axis": "y", "origin": [21, 21, 0]},
			"faces": {
				"north": {"uv": [0.75, 10.5, 1, 10.625], "texture": "#1"},
				"east": {"uv": [10.25, 9.625, 10.875, 9.75], "texture": "#1"},
				"south": {"uv": [10.5, 0.75, 10.75, 0.875], "texture": "#1"},
				"west": {"uv": [10.25, 9.875, 10.875, 10], "texture": "#1"},
				"up": {"uv": [2, 9.875, 1.75, 9.25], "texture": "#1"},
				"down": {"uv": [2.25, 9.25, 2, 9.875], "texture": "#1"}
			}
		},
		{
			"from": [-6, 10, -1],
			"to": [22, 14, 17],
			"rotation": {"angle": 0, "axis": "y", "origin": [-3, 10, 0]},
			"faces": {
				"north": {"uv": [0, 6, 3.5, 6.25], "texture": "#1"},
				"east": {"uv": [7.25, 8.25, 9.5, 8.5], "texture": "#1"},
				"south": {"uv": [5.25, 7, 8.75, 7.25], "texture": "#1"},
				"west": {"uv": [0, 8.375, 2.25, 8.625], "texture": "#1"},
				"up": {"uv": [3.5, 2.25, 0, 0], "texture": "#1"},
				"down": {"uv": [3.5, 2.25, 0, 4.5], "texture": "#1"}
			}
		},
		{
			"from": [-6, 11, 16],
			"to": [22, 15, 22],
			"rotation": {"angle": 0, "axis": "y", "origin": [-3, 11, 17]},
			"faces": {
				"north": {"uv": [7, 5.75, 10.5, 6], "texture": "#1"},
				"east": {"uv": [9.125, 9.5, 9.875, 9.75], "texture": "#1"},
				"south": {"uv": [7, 6, 10.5, 6.25], "texture": "#1"},
				"west": {"uv": [7.25, 9.625, 8, 9.875], "texture": "#1"},
				"up": {"uv": [7, 0.75, 3.5, 0], "texture": "#1"},
				"down": {"uv": [7, 0.75, 3.5, 1.5], "texture": "#1"}
			}
		},
		{
			"from": [-6, 11, -5],
			"to": [22, 15, 0],
			"rotation": {"angle": 0, "axis": "y", "origin": [-3, 11, -7]},
			"faces": {
				"north": {"uv": [7.25, 1.875, 10.75, 2.125], "texture": "#1"},
				"east": {"uv": [7.25, 9.875, 7.875, 10.125], "texture": "#1"},
				"south": {"uv": [7.25, 2.125, 10.75, 2.375], "texture": "#1"},
				"west": {"uv": [7.875, 9.875, 8.5, 10.125], "texture": "#1"},
				"up": {"uv": [7, 2.125, 3.5, 1.5], "texture": "#1"},
				"down": {"uv": [7, 2.125, 3.5, 2.75], "texture": "#1"}
			}
		},
		{
			"from": [-6, 12, -6],
			"to": [22, 16, -4],
			"rotation": {"angle": 0, "axis": "y", "origin": [-3, 12, -11]},
			"faces": {
				"north": {"uv": [7.25, 2.375, 10.75, 2.625], "texture": "#1"},
				"east": {"uv": [9.25, 10.125, 9.5, 10.375], "texture": "#1"},
				"south": {"uv": [7.25, 2.625, 10.75, 2.875], "texture": "#1"},
				"west": {"uv": [9.5, 10.125, 9.75, 10.375], "texture": "#1"},
				"up": {"uv": [10.75, 3.125, 7.25, 2.875], "texture": "#1"},
				"down": {"uv": [10.75, 3.125, 7.25, 3.375], "texture": "#1"}
			}
		},
		{
			"from": [-6, 13, -7],
			"to": [22, 19, -5],
			"rotation": {"angle": 0, "axis": "y", "origin": [-3, 13, -12]},
			"faces": {
				"north": {"uv": [3.5, 2.75, 7, 3.25], "texture": "#1"},
				"east": {"uv": [2, 9.875, 2.25, 10.375], "texture": "#1"},
				"south": {"uv": [3.5, 3.25, 7, 3.75], "texture": "#1"},
				"west": {"uv": [8.5, 9.875, 8.75, 10.375], "texture": "#1"},
				"up": {"uv": [10.75, 3.625, 7.25, 3.375], "texture": "#1"},
				"down": {"uv": [10.75, 3.625, 7.25, 3.875], "texture": "#1"}
			}
		},
		{
			"from": [-6, 16, -8],
			"to": [22, 21, -6],
			"rotation": {"angle": 0, "axis": "y", "origin": [-3, 16, -13]},
			"faces": {
				"north": {"uv": [0, 7, 3.5, 7.375], "texture": "#1"},
				"east": {"uv": [8, 10.125, 8.25, 10.5], "texture": "#1"},
				"south": {"uv": [7, 0, 10.5, 0.375], "texture": "#1"},
				"west": {"uv": [8.25, 10.125, 8.5, 10.5], "texture": "#1"},
				"up": {"uv": [10.75, 4.125, 7.25, 3.875], "texture": "#1"},
				"down": {"uv": [10.75, 4.125, 7.25, 4.375], "texture": "#1"}
			}
		},
		{
			"from": [-6, 18, -7],
			"to": [22, 22, -5],
			"rotation": {"angle": 0, "axis": "y", "origin": [-3, 18, -12]},
			"faces": {
				"north": {"uv": [7.25, 4.375, 10.75, 4.625], "texture": "#1"},
				"east": {"uv": [3.25, 10.25, 3.5, 10.5], "texture": "#1"},
				"south": {"uv": [7.25, 4.625, 10.75, 4.875], "texture": "#1"},
				"west": {"uv": [10, 10.25, 10.25, 10.5], "texture": "#1"},
				"up": {"uv": [10.75, 5.125, 7.25, 4.875], "texture": "#1"},
				"down": {"uv": [10.75, 5.125, 7.25, 5.375], "texture": "#1"}
			}
		},
		{
			"from": [-6, 12, 21],
			"to": [22, 16, 25],
			"rotation": {"angle": 0, "axis": "y", "origin": [-3, 12, 22]},
			"faces": {
				"north": {"uv": [5.25, 7.25, 8.75, 7.5], "texture": "#1"},
				"east": {"uv": [8.75, 9.875, 9.25, 10.125], "texture": "#1"},
				"south": {"uv": [7.25, 5.375, 10.75, 5.625], "texture": "#1"},
				"west": {"uv": [9.25, 9.875, 9.75, 10.125], "texture": "#1"},
				"up": {"uv": [7, 4.25, 3.5, 3.75], "texture": "#1"},
				"down": {"uv": [7, 4.25, 3.5, 4.75], "texture": "#1"}
			}
		},
		{
			"from": [-6, 13, 24],
			"to": [22, 19, 26],
			"rotation": {"angle": 0, "axis": "y", "origin": [-3, 13, 25]},
			"faces": {
				"north": {"uv": [0, 4.5, 3.5, 5], "texture": "#1"},
				"east": {"uv": [9.75, 9.875, 10, 10.375], "texture": "#1"},
				"south": {"uv": [3.5, 4.75, 7, 5.25], "texture": "#1"},
				"west": {"uv": [0.75, 10, 1, 10.5], "texture": "#1"},
				"up": {"uv": [10.75, 6.5, 7.25, 6.25], "texture": "#1"},
				"down": {"uv": [10.75, 6.5, 7.25, 6.75], "texture": "#1"}
			}
		},
		{
			"from": [-6, 19, 26],
			"to": [22, 25, 28],
			"rotation": {"angle": 0, "axis": "y", "origin": [-3, 19, 27]},
			"faces": {
				"north": {"uv": [0, 5, 3.5, 5.5], "texture": "#1"},
				"east": {"uv": [1, 10, 1.25, 10.5], "texture": "#1"},
				"south": {"uv": [3.5, 5.25, 7, 5.75], "texture": "#1"},
				"west": {"uv": [1.25, 10, 1.5, 10.5], "texture": "#1"},
				"up": {"uv": [10.75, 7, 7.25, 6.75], "texture": "#1"},
				"down": {"uv": [3.5, 7.375, 0, 7.625], "texture": "#1"}
			}
		},
		{
			"from": [-6, 24, 27],
			"to": [22, 26, 30],
			"rotation": {"angle": 0, "axis": "y", "origin": [-3, 20, 28]},
			"faces": {
				"north": {"uv": [5.25, 7.5, 8.75, 7.75], "texture": "#1"},
				"east": {"uv": [9.875, 9.5, 10.25, 9.75], "texture": "#1"},
				"south": {"uv": [0, 7.625, 3.5, 7.875], "texture": "#1"},
				"west": {"uv": [10, 8.875, 10.375, 9.125], "texture": "#1"},
				"up": {"uv": [10.5, 0.75, 7, 0.375], "texture": "#1"},
				"down": {"uv": [10.5, 0.75, 7, 1.125], "texture": "#1"}
			}
		},
		{
			"from": [-6, 22, 29],
			"to": [22, 25, 31],
			"rotation": {"angle": 0, "axis": "y", "origin": [-3, 19, 30]},
			"faces": {
				"north": {"uv": [7, 1.125, 10.5, 1.5], "texture": "#1"},
				"east": {"uv": [8.75, 10.125, 9, 10.5], "texture": "#1"},
				"south": {"uv": [7, 1.5, 10.5, 1.875], "texture": "#1"},
				"west": {"uv": [9, 10.125, 9.25, 10.5], "texture": "#1"},
				"up": {"uv": [8.75, 8, 5.25, 7.75], "texture": "#1"},
				"down": {"uv": [3.5, 7.875, 0, 8.125], "texture": "#1"}
			}
		},
		{
			"from": [-6, 21, 29],
			"to": [22, 22, 30],
			"rotation": {"angle": 0, "axis": "y", "origin": [-3, 16, 30]},
			"faces": {
				"north": {"uv": [8.75, 7.125, 12.25, 7.25], "texture": "#1"},
				"east": {"uv": [10.5, 0.875, 10.625, 1], "texture": "#1"},
				"south": {"uv": [7.25, 8.75, 10.75, 8.875], "texture": "#1"},
				"west": {"uv": [1, 10.5, 1.125, 10.625], "texture": "#1"},
				"up": {"uv": [12.25, 7.375, 8.75, 7.25], "texture": "#1"},
				"down": {"uv": [12.25, 7.375, 8.75, 7.5], "texture": "#1"}
			}
		},
		{
			"from": [-6, 16, 25],
			"to": [22, 22, 27],
			"rotation": {"angle": 0, "axis": "y", "origin": [-3, 16, 26]},
			"faces": {
				"north": {"uv": [0, 5.5, 3.5, 6], "texture": "#1"},
				"east": {"uv": [1.5, 10, 1.75, 10.5], "texture": "#1"},
				"south": {"uv": [3.5, 5.75, 7, 6.25], "texture": "#1"},
				"west": {"uv": [1.75, 10, 2, 10.5], "texture": "#1"},
				"up": {"uv": [8.75, 8.25, 5.25, 8], "texture": "#1"},
				"down": {"uv": [3.5, 8.125, 0, 8.375], "texture": "#1"}
			}
		}
	],
	"display": {
		"head": {
			"translation": [0, -27, 0],
			"scale": [2, 2, 2]
		}
	},
	"groups": [
		{
			"name": "Blades",
			"origin": [14, 0, 0],
			"color": 0,
			"children": [
				{
					"name": "R-Blade",
					"origin": [14, 0, 0],
					"color": 0,
					"children": [
						0,
						1,
						2,
						3,
						4,
						5,
						6,
						7,
						{
							"name": "R- Blade-Stand",
							"origin": [19, 6, 7],
							"color": 0,
							"children": [8, 9, 10, 11, 12, 13, 14, 15, 16, 17, 18, 19]
						}
					]
				},
				{
					"name": "L-Blade",
					"origin": [14, 0, 0],
					"color": 0,
					"children": [
						20,
						21,
						22,
						23,
						24,
						25,
						26,
						27,
						{
							"name": "R- Blade-Stand",
							"origin": [19, 6, 7],
							"color": 0,
							"children": [28, 29, 30, 31, 32, 33, 34, 35, 36, 37, 38, 39]
						}
					]
				}
			]
		},
		{
			"name": "Mainbody",
			"origin": [8, 8, 8],
			"color": 0,
			"children": [
				{
					"name": "Walls-L",
					"origin": [8, 8, 8],
					"color": 0,
					"children": [
						40,
						41,
						42,
						43,
						44,
						45,
						46,
						47,
						{
							"name": "Walls-R",
							"origin": [8, 8, 8],
							"color": 0,
							"children": [48, 49, 50, 51, 52, 53, 54, 55]
						}
					]
				},
				{
					"name": "Bottom",
					"origin": [-3, 16, 26],
					"color": 0,
					"children": [56, 57, 58, 59, 60, 61, 62, 63, 64, 65, 66, 67, 68, 69]
				}
			]
		}
	]
}