{
	"credit": "Made with Blockbench",
	"texture_size": [64, 64],
	"textures": {
		"0": "item/custom/snowman/snowman",
		"particle": "item/custom/snowman/snowman"
	},
	"elements": [
		{
			"from": [3.2, 0, 3.2],
			"to": [12.8, 9.6, 12.8],
			"rotation": {"angle": 0, "axis": "y", "origin": [8, 0, 3.2]},
			"faces": {
				"north": {"uv": [0, 0, 2.5, 2.5], "texture": "#0"},
				"east": {"uv": [0, 2.5, 2.5, 5], "texture": "#0"},
				"south": {"uv": [2.5, 0, 5, 2.5], "texture": "#0"},
				"west": {"uv": [2.5, 2.5, 5, 5], "texture": "#0"},
				"up": {"uv": [2.5, 7.5, 0, 5], "texture": "#0"},
				"down": {"uv": [7.5, 0, 5, 2.5], "texture": "#0"}
			}
		},
		{
			"from": [4, 9.6, 4],
			"to": [12, 17.6, 12],
			"rotation": {"angle": 0, "axis": "y", "origin": [8.8, 9.6, 4]},
			"faces": {
				"north": {"uv": [2.5, 5, 4.5, 7], "texture": "#0"},
				"east": {"uv": [5, 2.5, 7, 4.5], "texture": "#0"},
				"south": {"uv": [4.5, 5, 6.5, 7], "texture": "#0"},
				"west": {"uv": [6.5, 4.5, 8.5, 6.5], "texture": "#0"},
				"up": {"uv": [8.5, 8.5, 6.5, 6.5], "texture": "#0"},
				"down": {"uv": [4.5, 7, 2.5, 9], "texture": "#0"}
			}
		},
		{
			"from": [4.8, 17.6, 4.8],
			"to": [11.2, 24, 11.2],
			"rotation": {"angle": 0, "axis": "y", "origin": [9.6, 17.6, 4.8]},
			"faces": {
				"north": {"uv": [0, 9, 1.5, 10.5], "texture": "#0"},
				"east": {"uv": [9, 0, 10.5, 1.5], "texture": "#0"},
				"south": {"uv": [1.5, 9, 3, 10.5], "texture": "#0"},
				"west": {"uv": [9, 1.5, 10.5, 3], "texture": "#0"},
				"up": {"uv": [4.5, 10.5, 3, 9], "texture": "#0"},
				"down": {"uv": [10.5, 3, 9, 4.5], "texture": "#0"}
			}
		},
		{
			"from": [6.3, 18.6, 11.05],
			"to": [6.7, 19, 11.7],
			"rotation": {"angle": 0, "axis": "y", "origin": [10.35, 13.1, 11.05]},
			"faces": {
				"north": {"uv": [1.75, 8.25, 2, 8.5], "texture": "#0"},
				"east": {"uv": [8.25, 1.75, 8.5, 2], "texture": "#0"},
				"south": {"uv": [2, 8.25, 2.25, 8.5], "texture": "#0"},
				"west": {"uv": [8.25, 2, 8.5, 2.25], "texture": "#0"},
				"up": {"uv": [2.5, 8.5, 2.25, 8.25], "texture": "#0"},
				"down": {"uv": [8.5, 2.25, 8.25, 2.5], "texture": "#0"}
			}
		},
		{
			"from": [6.8, 18.6, 11.05],
			"to": [7.2, 19, 11.7],
			"rotation": {"angle": 0, "axis": "y", "origin": [10.85, 13.1, 11.05]},
			"faces": {
				"north": {"uv": [6, 9.25, 6.25, 9.5], "texture": "#0"},
				"east": {"uv": [6.25, 9.25, 6.5, 9.5], "texture": "#0"},
				"south": {"uv": [6, 9.5, 6.25, 9.75], "texture": "#0"},
				"west": {"uv": [6.25, 9.5, 6.5, 9.75], "texture": "#0"},
				"up": {"uv": [6.25, 10, 6, 9.75], "texture": "#0"},
				"down": {"uv": [6.5, 9.75, 6.25, 10], "texture": "#0"}
			}
		},
		{
			"from": [7.3, 18.35, 11.05],
			"to": [7.7, 18.75, 11.7],
			"rotation": {"angle": 0, "axis": "y", "origin": [11.35, 12.85, 11.05]},
			"faces": {
				"north": {"uv": [1.5, 8.5, 1.75, 8.75], "texture": "#0"},
				"east": {"uv": [8.5, 1.5, 8.75, 1.75], "texture": "#0"},
				"south": {"uv": [1.75, 8.5, 2, 8.75], "texture": "#0"},
				"west": {"uv": [8.5, 1.75, 8.75, 2], "texture": "#0"},
				"up": {"uv": [2.25, 8.75, 2, 8.5], "texture": "#0"},
				"down": {"uv": [8.75, 2, 8.5, 2.25], "texture": "#0"}
			}
		},
		{
			"from": [7.8, 18.35, 11.05],
			"to": [8.2, 18.75, 11.7],
			"rotation": {"angle": 0, "axis": "y", "origin": [11.85, 12.85, 11.05]},
			"faces": {
				"north": {"uv": [2, 8.75, 2.25, 9], "texture": "#0"},
				"east": {"uv": [8.75, 2, 9, 2.25], "texture": "#0"},
				"south": {"uv": [2.25, 8.75, 2.5, 9], "texture": "#0"},
				"west": {"uv": [8.75, 2.25, 9, 2.5], "texture": "#0"},
				"up": {"uv": [6.25, 9.25, 6, 9], "texture": "#0"},
				"down": {"uv": [6.5, 9, 6.25, 9.25], "texture": "#0"}
			}
		},
		{
			"from": [8.3, 18.35, 11.05],
			"to": [8.7, 18.75, 11.7],
			"rotation": {"angle": 0, "axis": "y", "origin": [12.35, 12.85, 11.05]},
			"faces": {
				"north": {"uv": [2.25, 8.5, 2.5, 8.75], "texture": "#0"},
				"east": {"uv": [8.5, 2.25, 8.75, 2.5], "texture": "#0"},
				"south": {"uv": [1.5, 8.75, 1.75, 9], "texture": "#0"},
				"west": {"uv": [8.75, 1.5, 9, 1.75], "texture": "#0"},
				"up": {"uv": [2, 9, 1.75, 8.75], "texture": "#0"},
				"down": {"uv": [9, 1.75, 8.75, 2], "texture": "#0"}
			}
		},
		{
			"from": [8.8, 18.6, 11.05],
			"to": [9.2, 19, 11.7],
			"rotation": {"angle": 0, "axis": "y", "origin": [5.15, 13.1, 11.05]},
			"faces": {
				"north": {"uv": [2, 8, 2.25, 8.25], "texture": "#0"},
				"east": {"uv": [8, 2, 8.25, 2.25], "texture": "#0"},
				"south": {"uv": [2.25, 8, 2.5, 8.25], "texture": "#0"},
				"west": {"uv": [8, 2.25, 8.25, 2.5], "texture": "#0"},
				"up": {"uv": [1.75, 8.5, 1.5, 8.25], "texture": "#0"},
				"down": {"uv": [8.5, 1.5, 8.25, 1.75], "texture": "#0"}
			}
		},
		{
			"from": [9.3, 18.6, 11.05],
			"to": [9.7, 19, 11.7],
			"rotation": {"angle": 0, "axis": "y", "origin": [13.35, 13.1, 11.05]},
			"faces": {
				"north": {"uv": [10, 4.5, 10.25, 4.75], "texture": "#0"},
				"east": {"uv": [10, 4.75, 10.25, 5], "texture": "#0"},
				"south": {"uv": [10, 5, 10.25, 5.25], "texture": "#0"},
				"west": {"uv": [10, 5.25, 10.25, 5.5], "texture": "#0"},
				"up": {"uv": [10.25, 5.75, 10, 5.5], "texture": "#0"},
				"down": {"uv": [10.25, 5.75, 10, 6], "texture": "#0"}
			}
		},
		{
			"from": [7.55, 19.85, 10.8],
			"to": [8.7, 21, 13.2],
			"rotation": {"angle": 0, "axis": "y", "origin": [12.35, 14.6, 10.8]},
			"faces": {
				"north": {"uv": [1.75, 7.5, 2, 7.75], "texture": "#0"},
				"east": {"uv": [5, 4.5, 5.5, 4.75], "texture": "#0"},
				"south": {"uv": [2, 7.5, 2.25, 7.75], "texture": "#0"},
				"west": {"uv": [5, 4.75, 5.5, 5], "texture": "#0"},
				"up": {"uv": [5.75, 5, 5.5, 4.5], "texture": "#0"},
				"down": {"uv": [6, 4.5, 5.75, 5], "texture": "#0"}
			}
		},
		{
			"from": [8.8, 21.6, 11.05],
			"to": [9.7, 22.5, 11.7],
			"rotation": {"angle": 0, "axis": "y", "origin": [5.15, 16.35, 11.05]},
			"faces": {
				"north": {"uv": [2.25, 7.75, 2.5, 8], "texture": "#0"},
				"east": {"uv": [7.75, 2.25, 8, 2.5], "texture": "#0"},
				"south": {"uv": [1.5, 8, 1.75, 8.25], "texture": "#0"},
				"west": {"uv": [8, 1.5, 8.25, 1.75], "texture": "#0"},
				"up": {"uv": [2, 8.25, 1.75, 8], "texture": "#0"},
				"down": {"uv": [8.25, 1.75, 8, 2], "texture": "#0"}
			}
		},
		{
			"from": [6.3, 21.6, 11.05],
			"to": [7.2, 22.5, 11.7],
			"rotation": {"angle": 0, "axis": "y", "origin": [10.85, 16.35, 11.05]},
			"faces": {
				"north": {"uv": [7.5, 2.25, 7.75, 2.5], "texture": "#0"},
				"east": {"uv": [7.75, 1.5, 8, 1.75], "texture": "#0"},
				"south": {"uv": [1.75, 7.75, 2, 8], "texture": "#0"},
				"west": {"uv": [7.75, 1.75, 8, 2], "texture": "#0"},
				"up": {"uv": [2.25, 8, 2, 7.75], "texture": "#0"},
				"down": {"uv": [8, 2, 7.75, 2.25], "texture": "#0"}
			}
		},
		{
			"from": [7.8, 20.1, 13.05],
			"to": [8.45, 20.75, 14.95],
			"rotation": {"angle": 0, "axis": "y", "origin": [12.35, 14.6, 13.05]},
			"faces": {
				"north": {"uv": [7.5, 2, 7.75, 2.25], "texture": "#0"},
				"east": {"uv": [6, 4.5, 6.5, 4.75], "texture": "#0"},
				"south": {"uv": [2.25, 7.5, 2.5, 7.75], "texture": "#0"},
				"west": {"uv": [6, 4.75, 6.5, 5], "texture": "#0"},
				"up": {"uv": [1.75, 8, 1.5, 7.5], "texture": "#0"},
				"down": {"uv": [7.75, 1.5, 7.5, 2], "texture": "#0"}
			}
		},
		{
			"from": [3.8, 23.6, 3.8],
			"to": [12.2, 25, 12.2],
			"rotation": {"angle": 0, "axis": "y", "origin": [9.6, 23.6, 4.8]},
			"faces": {
				"north": {"uv": [8.5, 9, 10.5, 9.25], "texture": "#0"},
				"east": {"uv": [8.5, 9.25, 10.5, 9.5], "texture": "#0"},
				"south": {"uv": [8.5, 9.5, 10.5, 9.75], "texture": "#0"},
				"west": {"uv": [8.5, 9.75, 10.5, 10], "texture": "#0"},
				"up": {"uv": [9, 4.5, 7, 2.5], "texture": "#0"},
				"down": {"uv": [6.5, 7, 4.5, 9], "texture": "#0"}
			}
		},
		{
			"from": [4.8, 24.6, 4.8],
			"to": [11.2, 31, 11.2],
			"rotation": {"angle": 0, "axis": "y", "origin": [9.6, 24.6, 4.8]},
			"faces": {
				"north": {"uv": [0, 7.5, 1.5, 9], "texture": "#0"},
				"east": {"uv": [7.5, 0, 9, 1.5], "texture": "#0"},
				"south": {"uv": [8.5, 4.5, 10, 6], "texture": "#0"},
				"west": {"uv": [8.5, 6, 10, 7.5], "texture": "#0"},
				"up": {"uv": [8, 10, 6.5, 8.5], "texture": "#0"},
				"down": {"uv": [10, 7.5, 8.5, 9], "texture": "#0"}
			}
		},
		{
			"from": [7.55, 1.35, 12.8],
			"to": [8.7, 2.5, 13.2],
			"rotation": {"angle": 0, "axis": "y", "origin": [12.35, -3.9, 12.8]},
			"faces": {
				"north": {"uv": [10.25, 6.25, 10.5, 6.5], "texture": "#0"},
				"east": {"uv": [6.5, 10.25, 6.75, 10.5], "texture": "#0"},
				"south": {"uv": [10.25, 6.5, 10.5, 6.75], "texture": "#0"},
				"west": {"uv": [6.75, 10.25, 7, 10.5], "texture": "#0"},
				"up": {"uv": [10.5, 7, 10.25, 6.75], "texture": "#0"},
				"down": {"uv": [7.25, 10.25, 7, 10.5], "texture": "#0"}
			}
		},
		{
			"from": [7.55, 14.85, 12.05],
			"to": [8.7, 16, 12.45],
			"rotation": {"angle": 0, "axis": "y", "origin": [12.35, 9.6, 12.05]},
			"faces": {
				"north": {"uv": [6, 10, 6.25, 10.25], "texture": "#0"},
				"east": {"uv": [10, 6, 10.25, 6.25], "texture": "#0"},
				"south": {"uv": [6.25, 10, 6.5, 10.25], "texture": "#0"},
				"west": {"uv": [10, 6.25, 10.25, 6.5], "texture": "#0"},
				"up": {"uv": [6.75, 10.25, 6.5, 10], "texture": "#0"},
				"down": {"uv": [10.25, 6.5, 10, 6.75], "texture": "#0"}
			}
		},
		{
			"from": [7.55, 12.85, 12.05],
			"to": [8.7, 14, 12.45],
			"rotation": {"angle": 0, "axis": "y", "origin": [12.35, 7.6, 12.05]},
			"faces": {
				"north": {"uv": [6.75, 10, 7, 10.25], "texture": "#0"},
				"east": {"uv": [10, 6.75, 10.25, 7], "texture": "#0"},
				"south": {"uv": [7, 10, 7.25, 10.25], "texture": "#0"},
				"west": {"uv": [10, 7, 10.25, 7.25], "texture": "#0"},
				"up": {"uv": [7.5, 10.25, 7.25, 10], "texture": "#0"},
				"down": {"uv": [10.25, 7.25, 10, 7.5], "texture": "#0"}
			}
		},
		{
			"from": [7.55, 10.85, 12.05],
			"to": [8.7, 12, 12.45],
			"rotation": {"angle": 0, "axis": "y", "origin": [12.35, 5.6, 12.05]},
			"faces": {
				"north": {"uv": [7.5, 10, 7.75, 10.25], "texture": "#0"},
				"east": {"uv": [10, 7.5, 10.25, 7.75], "texture": "#0"},
				"south": {"uv": [7.75, 10, 8, 10.25], "texture": "#0"},
				"west": {"uv": [10, 7.75, 10.25, 8], "texture": "#0"},
				"up": {"uv": [10.25, 8.25, 10, 8], "texture": "#0"},
				"down": {"uv": [10.25, 8.25, 10, 8.5], "texture": "#0"}
			}
		},
		{
			"from": [7.55, 7.35, 12.8],
			"to": [8.7, 8.5, 13.2],
			"rotation": {"angle": 0, "axis": "y", "origin": [12.35, 2.1, 12.8]},
			"faces": {
				"north": {"uv": [8.5, 10, 8.75, 10.25], "texture": "#0"},
				"east": {"uv": [10, 8.5, 10.25, 8.75], "texture": "#0"},
				"south": {"uv": [8.75, 10, 9, 10.25], "texture": "#0"},
				"west": {"uv": [10, 8.75, 10.25, 9], "texture": "#0"},
				"up": {"uv": [9.25, 10.25, 9, 10], "texture": "#0"},
				"down": {"uv": [9.5, 10, 9.25, 10.25], "texture": "#0"}
			}
		},
		{
			"from": [7.55, 5.35, 12.8],
			"to": [8.7, 6.5, 13.2],
			"rotation": {"angle": 0, "axis": "y", "origin": [12.35, 0.1, 12.8]},
			"faces": {
				"north": {"uv": [9.5, 10, 9.75, 10.25], "texture": "#0"},
				"east": {"uv": [9.75, 10, 10, 10.25], "texture": "#0"},
				"south": {"uv": [10, 10, 10.25, 10.25], "texture": "#0"},
				"west": {"uv": [10.25, 4.5, 10.5, 4.75], "texture": "#0"},
				"up": {"uv": [10.5, 5, 10.25, 4.75], "texture": "#0"},
				"down": {"uv": [10.5, 5, 10.25, 5.25], "texture": "#0"}
			}
		},
		{
			"from": [7.55, 3.35, 12.8],
			"to": [8.7, 4.5, 13.2],
			"rotation": {"angle": 0, "axis": "y", "origin": [12.35, -1.9, 12.8]},
			"faces": {
				"north": {"uv": [10.25, 5.25, 10.5, 5.5], "texture": "#0"},
				"east": {"uv": [10.25, 5.5, 10.5, 5.75], "texture": "#0"},
				"south": {"uv": [10.25, 5.75, 10.5, 6], "texture": "#0"},
				"west": {"uv": [6, 10.25, 6.25, 10.5], "texture": "#0"},
				"up": {"uv": [10.5, 6.25, 10.25, 6], "texture": "#0"},
				"down": {"uv": [6.5, 10.25, 6.25, 10.5], "texture": "#0"}
			}
		},
		{
			"from": [3.1, 5.75, 7.5],
			"to": [4.1, 15.75, 8.25],
			"rotation": {"angle": -22.5, "axis": "z", "origin": [4.35, 13.75, 7]},
			"faces": {
				"north": {"uv": [8, 8.5, 8.25, 11], "texture": "#0"},
				"east": {"uv": [8.25, 8.5, 8.5, 11], "texture": "#0"},
				"south": {"uv": [4.5, 9, 4.75, 11.5], "texture": "#0"},
				"west": {"uv": [4.75, 9, 5, 11.5], "texture": "#0"},
				"up": {"uv": [10.5, 7.25, 10.25, 7], "texture": "#0"},
				"down": {"uv": [7.5, 10.25, 7.25, 10.5], "texture": "#0"}
			}
		},
		{
			"from": [11.9, 5.75, 7.5],
			"to": [12.9, 15.75, 8.25],
			"rotation": {"angle": 22.5, "axis": "z", "origin": [11.65, 13.75, 7]},
			"faces": {
				"north": {"uv": [5, 9, 5.25, 11.5], "texture": "#0"},
				"east": {"uv": [5.25, 9, 5.5, 11.5], "texture": "#0"},
				"south": {"uv": [5.5, 9, 5.75, 11.5], "texture": "#0"},
				"west": {"uv": [5.75, 9, 6, 11.5], "texture": "#0"},
				"up": {"uv": [10.5, 7.5, 10.25, 7.25], "texture": "#0"},
				"down": {"uv": [7.75, 10.25, 7.5, 10.5], "texture": "#0"}
			}
		}
	],
	"display": {
		"thirdperson_righthand": {
			"scale": [0.2, 0.2, 0.2]
		},
		"thirdperson_lefthand": {
			"scale": [0.2, 0.2, 0.2]
		},
		"firstperson_righthand": {
			"scale": [0.2, 0.2, 0.2]
		},
		"firstperson_lefthand": {
			"scale": [0.2, 0.2, 0.2]
		},
		"ground": {
			"translation": [0, 6.5, 0]
		},
		"gui": {
			"translation": [0, -3.75, 0],
			"scale": [0.5, 0.5, 0.5]
		},
		"head": {
			"rotation": [180, 0, 180],
			"translation": [0, 14, 0]
		},
		"fixed": {
			"rotation": [90, 0, -180],
			"translation": [0, 0, -24],
			"scale": [3.3, 3.3, 3.3]
		}
	},
	"groups": [
		{
			"name": "Body",
			"origin": [9.6, 17.6, 4.8],
			"color": 0,
			"children": [0, 1, 2]
		},
		{
			"name": "Face",
			"origin": [10.85, 16.35, 11.05],
			"color": 0,
			"children": [3, 4, 5, 6, 7, 8, 9, 10, 11, 12, 13]
		},
		{
			"name": "Hat",
			"origin": [9.6, 24.6, 4.8],
			"color": 0,
			"children": [14, 15]
		},
		{
			"name": "Buttons",
			"origin": [12.35, -1.9, 12.8],
			"color": 0,
			"children": [16, 17, 18, 19, 20, 21, 22]
		},
		{
			"name": "Arms",
			"origin": [11.65, 13.75, 7],
			"color": 0,
			"children": [23, 24]
		}
	]
}